"InChIKey","ClassyFy Status","Kingdom","Superclass","Class","Subclass","Parent Level 1","Parent Level 2","Parent Level 3","Parent Level 4","Parent Level 5","Parent Level 6"
"AYFVYJQAPQTCCC-GBXIJSLDSA-N","Completed","Organic compounds","Organic acids and derivatives","Carboxylic acids and derivatives","Amino acids, peptides, and analogues","Amino acids and derivatives","Alpha amino acids and derivatives","Alpha amino acids","L-alpha-amino acids"
"PHIQHXFUZVPYII-ZCFIWIBFSA-N","Completed","Organic compounds","Organic nitrogen compounds","Organonitrogen compounds","Quaternary ammonium salts","Carnitines"
"CKLJMWTZIZZHCS-REOHCLBHSA-N","Completed","Organic compounds","Organic acids and derivatives","Carboxylic acids and derivatives","Amino acids, peptides, and analogues","Amino acids and derivatives","Alpha amino acids and derivatives","Aspartic acid and derivatives"
"JHPNVNIEXXLNTR-UHFFFAOYSA-N","Completed","Organic compounds","Lipids and lipid-like molecules","Fatty Acyls","Fatty acids and conjugates","Straight chain fatty acids"
"MTCFGRXMJLQNBG-REOHCLBHSA-N","Completed","Organic compounds","Organic acids and derivatives","Carboxylic acids and derivatives","Amino acids, peptides, and analogues","Amino acids and derivatives","Alpha amino acids and derivatives","Serine and derivatives"
"LRFVTYWOQMYALW-UHFFFAOYSA-N","Completed","Organic compounds","Organoheterocyclic compounds","Imidazopyrimidines","Purines and purine derivatives","Xanthines"
"FFEARJCKVFRZRR-BYPYZUCNSA-N","Completed","Organic compounds","Organic acids and derivatives","Carboxylic acids and derivatives","Amino acids, peptides, and analogues","Amino acids and derivatives","Alpha amino acids and derivatives","Methionine and derivatives"
"MVOYJPOZRLFTCP-UHFFFAOYSA-N","Completed","Organic compounds","Organoheterocyclic compounds","Imidazopyrimidines","Purines and purine derivatives","Xanthines"
"ONIBWKKTOPOVIA-BYPYZUCNSA-N","Completed","Organic compounds","Organic acids and derivatives","Carboxylic acids and derivatives","Amino acids, peptides, and analogues","Amino acids and derivatives","Alpha amino acids and derivatives","Proline and derivatives"
"KWIUHFFTVRNATP-UHFFFAOYSA-N","Completed","Organic compounds","Organic acids and derivatives","Carboxylic acids and derivatives","Amino acids, peptides, and analogues","Amino acids and derivatives","Alpha amino acids and derivatives","Alpha amino acids"
"KDYFGRWQOYBRFD-UHFFFAOYSA-N","Completed","Organic compounds","Organic acids and derivatives","Carboxylic acids and derivatives","Dicarboxylic acids and derivatives","Dicarboxylic acids and derivatives"
"PVNIIMVLHYAWGP-UHFFFAOYSA-N","Completed","Organic compounds","Organoheterocyclic compounds","Pyridines and derivatives","Pyridinecarboxylic acids and derivatives","Pyridinecarboxylic acids"
"BRMWTNUJHUMWMS-LURJTMIESA-N","Completed","Organic compounds","Organic acids and derivatives","Carboxylic acids and derivatives","Amino acids, peptides, and analogues","Amino acids and derivatives","Alpha amino acids and derivatives","Histidine and derivatives"
"KDXKERNSBIXSRK-YFKPBYRVSA-N","Completed","Organic compounds","Organic acids and derivatives","Carboxylic acids and derivatives","Amino acids, peptides, and analogues","Amino acids and derivatives","Alpha amino acids and derivatives","Alpha amino acids","L-alpha-amino acids"
"WHUUTDBJXJRKMK-VKHMYHEASA-N","Completed","Organic compounds","Organic acids and derivatives","Carboxylic acids and derivatives","Amino acids, peptides, and analogues","Amino acids and derivatives","Alpha amino acids and derivatives","Glutamic acid and derivatives"
"OVRNDRQMDRJTHS-RTRLPJTCSA-N","Completed","Organic compounds","Organic oxygen compounds","Organooxygen compounds","Carbohydrates and carbohydrate conjugates","Aminosaccharides","Amino sugars","Acylaminosugars"
"YGPSJZOEDVAXAB-QMMMGPOBSA-N","Completed","Organic compounds","Organic oxygen compounds","Organooxygen compounds","Carbonyl compounds","Ketones","Aryl ketones","Phenylketones","Alkyl-phenylketones"
"FSYKKLYZXJSNPZ-UHFFFAOYSA-N","Completed","Organic compounds","Organic acids and derivatives","Carboxylic acids and derivatives","Amino acids, peptides, and analogues","Amino acids and derivatives","Alpha amino acids and derivatives","Alpha amino acids"
"PXQPEWDEAKTCGB-UHFFFAOYSA-N","Completed","Organic compounds","Organoheterocyclic compounds","Diazines","Pyrimidines and pyrimidine derivatives","Pyrimidinecarboxylic acids and derivatives","Pyrimidinecarboxylic acids"
"WWNNZCOKKKDOPX-UHFFFAOYSA-N","Completed","Organic compounds","Alkaloids and derivatives","","","Alkaloids and derivatives"
"FDGQSTZJBFJUBT-UHFFFAOYSA-N","Completed","Organic compounds","Organoheterocyclic compounds","Imidazopyrimidines","Purines and purine derivatives","Purinones","Hypoxanthines"
"ODHCTXKNWHHXJC-VKHMYHEASA-N","Completed","Organic compounds","Organic acids and derivatives","Carboxylic acids and derivatives","Amino acids, peptides, and analogues","Amino acids and derivatives","Alpha amino acids and derivatives"
"OFOBLEOULBTSOW-UHFFFAOYSA-N","Completed","Organic compounds","Organic acids and derivatives","Carboxylic acids and derivatives","Dicarboxylic acids and derivatives","Dicarboxylic acids and derivatives"
"GFFGJBXGBJISGV-UHFFFAOYSA-N","Completed","Organic compounds","Organoheterocyclic compounds","Imidazopyrimidines","Purines and purine derivatives","6-aminopurines"
"VHRGRCVQAFMJIZ-UHFFFAOYSA-N","Completed","Organic compounds","Organic nitrogen compounds","Organonitrogen compounds","Amines","Primary amines","Monoalkylamines"
"CVSVTCORWBXHQV-UHFFFAOYSA-N","Completed","Organic compounds","Organic acids and derivatives","Carboxylic acids and derivatives","Amino acids, peptides, and analogues","Amino acids and derivatives","Alpha amino acids and derivatives"
"KIDHWZJUCRJVML-UHFFFAOYSA-N","Completed","Organic compounds","Organic nitrogen compounds","Organonitrogen compounds","Amines","Primary amines","Monoalkylamines"
"FUOOLUPWFVMBKG-UHFFFAOYSA-N","Completed","Organic compounds","Organic acids and derivatives","Carboxylic acids and derivatives","Amino acids, peptides, and analogues","Amino acids and derivatives","Alpha amino acids and derivatives","Alpha amino acids"
"OTCCIMWXFLJLIA-BYPYZUCNSA-N","Completed","Organic compounds","Organic acids and derivatives","Carboxylic acids and derivatives","Amino acids, peptides, and analogues","Amino acids and derivatives","Alpha amino acids and derivatives","Aspartic acid and derivatives"
"DDRJAANPRJIHGJ-UHFFFAOYSA-N","Completed","Organic compounds","Organic acids and derivatives","Carboxylic acids and derivatives","Amino acids, peptides, and analogues","Amino acids and derivatives","Alpha amino acids and derivatives"
"RGHNJXZEOKUKBD-SQOUGZDYSA-N","Completed","Organic compounds","Organic oxygen compounds","Organooxygen compounds","Carbohydrates and carbohydrate conjugates","Sugar acids and derivatives"
"LEHOTFFKMJEONL-UHFFFAOYSA-N","Completed","Organic compounds","Organoheterocyclic compounds","Imidazopyrimidines","Purines and purine derivatives","Xanthines"
"FBZONXHGGPHHIY-UHFFFAOYSA-N","Completed","Organic compounds","Organoheterocyclic compounds","Quinolines and derivatives","Quinoline carboxylic acids","Quinoline carboxylic acids"
"KRKNYBCHXYNGOX-UHFFFAOYSA-N","Completed","Organic compounds","Organic acids and derivatives","Carboxylic acids and derivatives","Tricarboxylic acids and derivatives","Tricarboxylic acids and derivatives"
"OPTASPLRGRRNAP-UHFFFAOYSA-N","Completed","Organic compounds","Organoheterocyclic compounds","Diazines","Pyrimidines and pyrimidine derivatives","Pyrimidones"
"ISAKRJDGNUQOIC-UHFFFAOYSA-N","Completed","Organic compounds","Organoheterocyclic compounds","Diazines","Pyrimidines and pyrimidine derivatives","Pyrimidones"
"RHGKLRLOHDJJDR-BYPYZUCNSA-N","Completed","Organic compounds","Organic acids and derivatives","Carboxylic acids and derivatives","Amino acids, peptides, and analogues","Amino acids and derivatives","Alpha amino acids and derivatives","Alpha amino acids","L-alpha-amino acids"
"AHLPHDHHMVZTML-SCSAIBSYSA-N","Completed","Organic compounds","Organic acids and derivatives","Carboxylic acids and derivatives","Amino acids, peptides, and analogues","Amino acids and derivatives","Alpha amino acids and derivatives","Alpha amino acids","D-alpha-amino acids"
"ODHCTXKNWHHXJC-UHFFFAOYSA-N","Completed","Organic compounds","Organic acids and derivatives","Carboxylic acids and derivatives","Amino acids, peptides, and analogues","Amino acids and derivatives","Alpha amino acids and derivatives","Proline and derivatives"
"FVMDYYGIDFPZAX-UHFFFAOYSA-N","Completed","Organic compounds","Benzenoids","Phenols","1-hydroxy-4-unsubstituted benzenoids","1-hydroxy-4-unsubstituted benzenoids"
"VEYYWZRYIYDQJM-ZETCQYMHSA-N","Completed","Organic compounds","Organic acids and derivatives","Carboxylic acids and derivatives","Amino acids, peptides, and analogues","Amino acids and derivatives","Alpha amino acids and derivatives","N-acyl-alpha amino acids and derivatives","N-acyl-alpha amino acids"
"GUNURVWAJRRUAV-UHFFFAOYSA-N","Completed","Organic compounds","Organic acids and derivatives","Carboxylic acids and derivatives","Carboxylic acid derivatives","Carboxylic acid amides","Acetamides"
"LOIYMIARKYCTBW-OWOJBTEDSA-N","Completed","Organic compounds","Organoheterocyclic compounds","Azoles","Imidazoles","Substituted imidazoles","Imidazolyl carboxylic acids and derivatives"
"HXXFSFRBOHSIMQ-VFUOTHLCSA-N","Completed","Organic compounds","Organic oxygen compounds","Organooxygen compounds","Carbohydrates and carbohydrate conjugates","Monosaccharides","Monosaccharide phosphates"
"UCMIRNVEIXFBKS-UHFFFAOYSA-N","Completed","Organic compounds","Organic acids and derivatives","Carboxylic acids and derivatives","Amino acids, peptides, and analogues","Amino acids and derivatives","Beta amino acids and derivatives"
"KQTIIICEAUMSDG-UHFFFAOYSA-N","Completed","Organic compounds","Organic acids and derivatives","Carboxylic acids and derivatives","Tricarboxylic acids and derivatives","Tricarboxylic acids and derivatives"
"BTCSSZJGUNDROE-UHFFFAOYSA-N","Completed","Organic compounds","Organic acids and derivatives","Carboxylic acids and derivatives","Amino acids, peptides, and analogues","Amino acids and derivatives","Gamma amino acids and derivatives"
"BYXCFUMGEBZDDI-UHFFFAOYSA-N","Completed","Organic compounds","Organoheterocyclic compounds","Imidazopyrimidines","Purines and purine derivatives","Xanthines"
"GHOKWGTUZJEAQD-ZETCQYMHSA-N","Completed","Organic compounds","Organic oxygen compounds","Organooxygen compounds","Alcohols and polyols","Secondary alcohols"
"BJEPYKJPYRNKOW-UHFFFAOYSA-N","Completed","Organic compounds","Organic acids and derivatives","Hydroxy acids and derivatives","Beta hydroxy acids and derivatives","Beta hydroxy acids and derivatives"
"BITYXLXUCSKTJS-ZETCQYMHSA-N","Completed","Organic compounds","Lipids and lipid-like molecules","Fatty Acyls","Fatty acids and conjugates","Hydroxy fatty acids"
"DZGWFCGJZKJUFP-UHFFFAOYSA-N","Completed","Organic compounds","Benzenoids","Benzene and substituted derivatives","Phenethylamines","Phenethylamines"
"CBQJSKKFNMDLON-SNVBAGLBSA-N","Completed","Organic compounds","Organic acids and derivatives","Carboxylic acids and derivatives","Amino acids, peptides, and analogues","Amino acids and derivatives","Alpha amino acids and derivatives","Phenylalanine and derivatives"
"QEFRNWWLZKMPFJ-YGVKFDHGSA-N","Completed","Organic compounds","Organic acids and derivatives","Carboxylic acids and derivatives","Amino acids, peptides, and analogues","Amino acids and derivatives","Alpha amino acids and derivatives","Alpha amino acids","L-alpha-amino acids"
"QVWAEZJXDYOKEH-UHFFFAOYSA-N","Completed","Organic compounds","Phenylpropanoids and polyketides","Phenylpropanoic acids","","Phenylpropanoic acids"
"KCXVZYZYPLLWCC-UHFFFAOYSA-N","Completed","Organic compounds","Organic acids and derivatives","Carboxylic acids and derivatives","Tetracarboxylic acids and derivatives","Tetracarboxylic acids and derivatives"
"SNFOUMUDOQSPKF-ZDUSSCGKSA-N","Completed","Organic compounds","Organic acids and derivatives","Carboxylic acids and derivatives","Amino acids, peptides, and analogues","Amino acids and derivatives","Alpha amino acids and derivatives","Phenylalanine and derivatives"
"YCCILVSKPBXVIP-UHFFFAOYSA-N","Completed","Organic compounds","Benzenoids","Phenols","Tyrosols and derivatives","Tyrosols"
"SUHOQUVVVLNYQR-QMMMGPOBSA-N","Completed","Organic compounds","Lipids and lipid-like molecules","Glycerophospholipids","Glycerophosphocholines","Glycerophosphocholines"
"YQUVCSBJEUQKSH-UHFFFAOYSA-N","Completed","Organic compounds","Benzenoids","Benzene and substituted derivatives","Benzoic acids and derivatives","Hydroxybenzoic acid derivatives"
"WNLRTRBMVRJNCN-UHFFFAOYSA-N","Completed","Organic compounds","Lipids and lipid-like molecules","Fatty Acyls","Fatty acids and conjugates","Medium-chain fatty acids"
"RNEMLJPSSOJRHX-UHFFFAOYSA-N","Completed","Organic compounds","Organic acids and derivatives","Carboxylic acids and derivatives","Amino acids, peptides, and analogues","Amino acids and derivatives","Alpha amino acids and derivatives","N-formyl-alpha amino acids and derivatives","N-formyl-alpha amino acids"
"HWXBTNAVRSUOJR-UHFFFAOYSA-N","Completed","Organic compounds","Organic acids and derivatives","Hydroxy acids and derivatives","Short-chain hydroxy acids and derivatives","Short-chain hydroxy acids and derivatives"
"QIVBCDIJIAJPQS-SECBINFHSA-N","Completed","Organic compounds","Organoheterocyclic compounds","Indoles and derivatives","Indolyl carboxylic acids and derivatives","Indolyl carboxylic acids and derivatives"
"WAPNOHKVXSQRPX-UHFFFAOYSA-N","Completed","Organic compounds","Benzenoids","Benzene and substituted derivatives","","Benzene and substituted derivatives"
"LOIYMIARKYCTBW-OWOJBTEDSA-N","Completed","Organic compounds","Organoheterocyclic compounds","Azoles","Imidazoles","Substituted imidazoles","Imidazolyl carboxylic acids and derivatives"
"JFCQEDHGNNZCLN-UHFFFAOYSA-N","Completed","Organic compounds","Organic acids and derivatives","Carboxylic acids and derivatives","Dicarboxylic acids and derivatives","Dicarboxylic acids and derivatives"
"NBIIXXVUZAFLBC-UHFFFAOYSA-N","Completed","Inorganic compounds","Homogeneous non-metal compounds","Non-metal oxoanionic compounds","Non-metal phosphates","Non-metal phosphates"
"HXACOUQIXZGNBF-UHFFFAOYSA-N","Completed","Organic compounds","Organoheterocyclic compounds","Pyridines and derivatives","Pyridinecarboxylic acids and derivatives","Pyridinecarboxylic acids"
"JJMDCOVWQOJGCB-UHFFFAOYSA-N","Completed","Organic compounds","Organic acids and derivatives","Carboxylic acids and derivatives","Amino acids, peptides, and analogues","Amino acids and derivatives","Delta amino acids and derivatives"
"OUYCCCASQSFEME-QMMMGPOBSA-N","Completed","Organic compounds","Organic acids and derivatives","Carboxylic acids and derivatives","Amino acids, peptides, and analogues","Amino acids and derivatives","Alpha amino acids and derivatives","Tyrosine and derivatives"
"HXEACLLIILLPRG-RXMQYKEDSA-N","Completed","Organic compounds","Organic acids and derivatives","Carboxylic acids and derivatives","Amino acids, peptides, and analogues","Amino acids and derivatives","Alpha amino acids and derivatives","Alpha amino acids","D-alpha-amino acids"
"AEMOLEFTQBMNLQ-AQKNRBDQSA-N","Completed","Organic compounds","Organic oxygen compounds","Organooxygen compounds","Carbohydrates and carbohydrate conjugates","Sugar acids and derivatives","Glucuronic acid derivatives"
"TVIDDXQYHWJXFK-UHFFFAOYSA-N","Completed","Organic compounds","Lipids and lipid-like molecules","Fatty Acyls","Fatty acids and conjugates","Medium-chain fatty acids"
"LSUXCWJOIAWGOU-UTJQPWESSA-N","Completed","Organic compounds","Lipids and lipid-like molecules","Glycerophospholipids","Glycerophosphocholines","Lysophosphatidylcholines","2-acyl-sn-glycero-3-phosphocholines"
"XUYPXLNMDZIRQH-UHFFFAOYSA-N","Completed","Organic compounds","Organic acids and derivatives","Carboxylic acids and derivatives","Amino acids, peptides, and analogues","Amino acids and derivatives","Alpha amino acids and derivatives","Methionine and derivatives"
"RDHQFKQIGNGIED-UHFFFAOYSA-N","Completed","Organic compounds","Lipids and lipid-like molecules","Fatty Acyls","Fatty acid esters","Acyl carnitines"
"AGPKZVBTJJNPAG-WHFBIAKZSA-N","Completed","Organic compounds","Organic acids and derivatives","Carboxylic acids and derivatives","Amino acids, peptides, and analogues","Amino acids and derivatives","Alpha amino acids and derivatives","Isoleucine and derivatives"
"GUBGYTABKSRVRQ-QUYVBRFLSA-N","Completed","Organic compounds","Organic oxygen compounds","Organooxygen compounds","Carbohydrates and carbohydrate conjugates","Glycosyl compounds","O-glycosyl compounds"
"RSIYBPVKRVHPQK-BQBZGAKWSA-N","Completed","Organic compounds","Organic acids and derivatives","Carboxylic acids and derivatives","Amino acids, peptides, and analogues","Peptides","Dipeptides"
"JYXGIOKAKDAARW-UHFFFAOYSA-N","Completed","Organic compounds","Organic acids and derivatives","Carboxylic acids and derivatives","Amino acids, peptides, and analogues","Amino acids and derivatives","Alpha amino acids and derivatives","Alpha amino acids"
"RFMMMVDNIPUKGG-YFKPBYRVSA-N","Completed","Organic compounds","Organic acids and derivatives","Carboxylic acids and derivatives","Amino acids, peptides, and analogues","Amino acids and derivatives","Alpha amino acids and derivatives","Glutamic acid and derivatives"
"SGMZJAMFUVOLNK-UHFFFAOYSA-M","Completed","Organic compounds","Organic nitrogen compounds","Organonitrogen compounds","Quaternary ammonium salts","Cholines"
"HXYVTAGFYLMHSO-UHFFFAOYSA-N","Completed","Organic compounds","Organic acids and derivatives","Carboximidic acids and derivatives","Carboximidic acids","Carboximidic acids"
"KXGVEGMKQFWNSR-LLQZFEROSA-N","Completed","Organic compounds","Lipids and lipid-like molecules","Steroids and steroid derivatives","Bile acids, alcohols and derivatives","Hydroxy bile acids, alcohols and derivatives","Dihydroxy bile acids, alcohols and derivatives"
"COLNVLDHVKWLRT-QMMMGPOBSA-N","Completed","Organic compounds","Organic acids and derivatives","Carboxylic acids and derivatives","Amino acids, peptides, and analogues","Amino acids and derivatives","Alpha amino acids and derivatives","Phenylalanine and derivatives"
"PMZDQRJGMBOQBF-UHFFFAOYSA-N","Completed","Organic compounds","Organoheterocyclic compounds","Quinolines and derivatives","Quinolones and derivatives","Hydroquinolones"
"OTSBKHHWSQYEHK-UHFFFAOYSA-N","Completed","Organic compounds","Organoheterocyclic compounds","Imidazopyrimidines","Purines and purine derivatives","Xanthines"
"DKEXFJVMVGETOO-LURJTMIESA-N","Completed","Organic compounds","Organic acids and derivatives","Carboxylic acids and derivatives","Amino acids, peptides, and analogues","Peptides"
"BUKYPLDYWBEYRI-UHFFFAOYSA-N","Completed","Organic compounds","Benzenoids","Benzene and substituted derivatives","N-phenylureas","N-phenylureas"
"GVRKWABULJAONN-VQVTYTSYSA-N","Completed","Organic compounds","Organic acids and derivatives","Carboxylic acids and derivatives","Amino acids, peptides, and analogues","Peptides","Dipeptides"
"VXUOFDJKYGDUJI-OAQYLSRUSA-N","Completed","Organic compounds","Lipids and lipid-like molecules","Glycerophospholipids","Glycerophosphocholines","Lysophosphatidylcholines","1-acyl-sn-glycero-3-phosphocholines"
"UTTJAIFHRUAFED-UHFFFAOYSA-N","Completed","Organic compounds","Organoheterocyclic compounds","Quinolines and derivatives","Quinolones and derivatives","Hydroxyquinolones"
"PEDXUVCGOLSNLQ-WUJLRWPWSA-N","Completed","Organic compounds","Organic acids and derivatives","Carboxylic acids and derivatives","Amino acids, peptides, and analogues","Amino acids and derivatives","Alpha amino acids and derivatives","N-acyl-alpha amino acids and derivatives","N-acyl-alpha amino acids","N-acyl-L-alpha-amino acids"
"RBNPOMFGQQGHHO-UHFFFAOYSA-N","Completed","Organic compounds","Organic oxygen compounds","Organooxygen compounds","Carbohydrates and carbohydrate conjugates","Sugar acids and derivatives"
"RLGQACBPNDBWTB-UHFFFAOYSA-N","Completed","Organic compounds","Organic nitrogen compounds","Organonitrogen compounds","Quaternary ammonium salts","Tetraalkylammonium salts"
"JPZYXGPCHFZBHO-UHFFFAOYSA-N","Completed","Organic compounds","Organic nitrogen compounds","Organonitrogen compounds","Amines","Primary amines","Monoalkylamines"
"ARILQDNHZGKJBK-UHFFFAOYSA-N","Completed","Organic compounds","Organoheterocyclic compounds","Azolidines","Oxazolidines","Oxazolidinones"
"JQSSYLDZHAPSJO-UHFFFAOYSA-N","Completed","Organic compounds","Benzenoids","Benzene and substituted derivatives","Benzoic acids and derivatives","Hydroxybenzoic acid derivatives","Salicylic acid and derivatives","Salicylic acids"
"BRARRAHGNDUELT-UHFFFAOYSA-N","Completed","Organic compounds","Organoheterocyclic compounds","Pyridines and derivatives","Pyridinecarboxylic acids and derivatives","Pyridinecarboxylic acids"
"VMLNPJDEXLLCQG-DGCAKLBHSA-N","Completed","Organic compounds","Organoheterocyclic compounds","Dihydrofurans","Furanones","Butenolides"
"BDJRBEYXGGNYIS-UHFFFAOYSA-N","Completed","Organic compounds","Lipids and lipid-like molecules","Fatty Acyls","Fatty acids and conjugates","Medium-chain fatty acids"
"CXMXRPHRNRROMY-UHFFFAOYSA-N","Completed","Organic compounds","Lipids and lipid-like molecules","Fatty Acyls","Fatty acids and conjugates","Medium-chain fatty acids"
"VNYDHJARLHNEGA-RYUDHWBXSA-N","Completed","Organic compounds","Organic acids and derivatives","Carboxylic acids and derivatives","Amino acids, peptides, and analogues","Peptides","Dipeptides"
"SRRQPVVYXBTRQK-XMMPIXPASA-N","Completed","Organic compounds","Lipids and lipid-like molecules","Glycerophospholipids","Glycerophosphocholines","Lysophosphatidylcholines","1-acyl-sn-glycero-3-phosphocholines"
"IHYJTAOFMMMOPX-UHFFFAOYSA-N","Completed","Organic compounds","Organic acids and derivatives","Carboxylic acids and derivatives","Amino acids, peptides, and analogues","Amino acids and derivatives","Alpha amino acids and derivatives","N-acyl-alpha amino acids and derivatives","N-acyl-alpha amino acids"
"UBORTCNDUKBEOP-UUOKFMHZSA-N","Completed","Organic compounds","Nucleosides, nucleotides, and analogues","Purine nucleosides","","Purine nucleosides"
"AOWPAWLEXIYETE-UHFFFAOYSA-N","Completed","Organic compounds","Lipids and lipid-like molecules","Fatty Acyls","Fatty acids and conjugates","Hydroxy fatty acids"
"QWXLTZQRYJBZQT-UHFFFAOYSA-N","Completed","Organic compounds","Organoheterocyclic compounds","Benzothiazines","","Benzothiazines"
"HHXMOTDTSDYYEI-UHFFFAOYSA-N","Completed","Organic compounds","Organic acids and derivatives","Keto acids and derivatives","Medium-chain keto acids and derivatives","Medium-chain keto acids and derivatives"
"OLNJUISKUQQNIM-UHFFFAOYSA-N","Completed","Organic compounds","Organoheterocyclic compounds","Indoles and derivatives","Indoles","Indoles"
"WHBMMWSBFZVSSR-GSVOUGTGSA-N","Completed","Organic compounds","Organic acids and derivatives","Hydroxy acids and derivatives","Beta hydroxy acids and derivatives","Beta hydroxy acids and derivatives"
"JYGFTBXVXVMTGB-UHFFFAOYSA-N","Completed","Organic compounds","Organoheterocyclic compounds","Indoles and derivatives","Indolines","Indolines"
"DZTHIGRZJZPRDV-GFCCVEGCSA-N","Completed","Organic compounds","Organic acids and derivatives","Carboxylic acids and derivatives","Amino acids, peptides, and analogues","Amino acids and derivatives","Alpha amino acids and derivatives","N-acyl-alpha amino acids and derivatives","N-acyl-alpha amino acids"
"LVRFTAZAXQPQHI-YFKPBYRVSA-N","Completed","Organic compounds","Lipids and lipid-like molecules","Fatty Acyls","Fatty acids and conjugates","Hydroxy fatty acids"
"AOJLDZLRTUWFFY-UHFFFAOYSA-N","Completed","Organic compounds","Organoheterocyclic compounds","Pyridines and derivatives","Pyridinecarboxylic acids and derivatives","Pyridinecarboxylic acids"
"HCZHHEIFKROPDY-UHFFFAOYSA-N","Completed","Organic compounds","Organoheterocyclic compounds","Quinolines and derivatives","Quinoline carboxylic acids","Quinoline carboxylic acids"
"NCIKQJBVUNUXLW-UHFFFAOYSA-N","Completed","Organic compounds","Organoheterocyclic compounds","Indoles and derivatives","Tryptamines and derivatives","Tryptamines and derivatives"
"VGGGPCQERPFHOB-RDBSUJKOSA-N","Completed","Organic compounds","Organic acids and derivatives","Peptidomimetics","Hybrid peptides","Hybrid peptides"
"RYYVLZVUVIJVGH-UHFFFAOYSA-N","Completed","Organic compounds","Organoheterocyclic compounds","Imidazopyrimidines","Purines and purine derivatives","Xanthines"
"LJARBVLDSOWRJT-PSXMRANNSA-N","Completed","Organic compounds","Lipids and lipid-like molecules","Glycerophospholipids","Glycerophosphocholines","Phosphatidylcholines"
"RGHHSNMVTDWUBI-UHFFFAOYSA-N","Completed","Organic compounds","Organic oxygen compounds","Organooxygen compounds","Carbonyl compounds","Aldehydes","Aryl-aldehydes","Benzaldehydes","Hydroxybenzaldehydes"
"MNLRQHMNZILYPY-MKFCKLDKSA-N","Completed","Organic compounds","Organic oxygen compounds","Organooxygen compounds","Carbohydrates and carbohydrate conjugates","Aminosaccharides","Amino sugars","Acylaminosugars"
"XYNPYHXGMWJBLV-VXPJTDKGSA-N","Completed","Organic compounds","Lipids and lipid-like molecules","Steroids and steroid derivatives","Steroidal alkaloids","Spirosolanes and derivatives"
"AZOCECCLWFDTAP-RKDXNWHRSA-N","Completed","Organic compounds","Lipids and lipid-like molecules","Prenol lipids","Monoterpenoids","Menthane monoterpenoids"
"FJLUATLTXUNBOT-UHFFFAOYSA-N","Completed","Organic compounds","Organic nitrogen compounds","Organonitrogen compounds","Amines","Primary amines","Monoalkylamines"
"LZBDRKHGFDMVSB-UHFFFAOYSA-N","Completed","Organic compounds","Organoheterocyclic compounds","Indoles and derivatives","Indolines","Indolines"
"OURSFPZPOXNNKX-UHFFFAOYSA-N","Completed","Organic compounds","Organic acids and derivatives","Organic sulfonic acids and derivatives","Organosulfonic acids and derivatives","Organosulfonic acids"
"OTIAVLWNTIXJDO-UHFFFAOYSA-N","Completed","Organic compounds","Organic acids and derivatives","Carboxylic acids and derivatives","Amino acids, peptides, and analogues","Amino acids and derivatives","Delta amino acids and derivatives"
"WPWUFUBLGADILS-WDSKDSINSA-N","Completed","Organic compounds","Organic acids and derivatives","Carboxylic acids and derivatives","Amino acids, peptides, and analogues","Peptides","Dipeptides"
"ATDWJOOPFDQZNK-UHFFFAOYSA-N","Completed","Organic compounds","Benzenoids","Phenols","1-hydroxy-2-unsubstituted benzenoids","1-hydroxy-2-unsubstituted benzenoids"
"HVAUUPRFYPCOCA-AREMUKBSSA-N","Completed","Organic compounds","Lipids and lipid-like molecules","Glycerophospholipids","Glycerophosphocholines","1-alkyl,2-acylglycero-3-phosphocholines","1-alkyl,2-acetylglycero-3-phosphocholines"
"KPIVDNYJNOPGBE-UHFFFAOYSA-N","Completed","Organic compounds","Organoheterocyclic compounds","Pyridines and derivatives","Pyridinecarboxylic acids and derivatives","Pyridinecarboxylic acids"
"AYFVYJQAPQTCCC-HRFVKAFMSA-N","Completed","Organic compounds","Organic acids and derivatives","Carboxylic acids and derivatives","Amino acids, peptides, and analogues","Amino acids and derivatives","Alpha amino acids and derivatives","Alpha amino acids","L-alpha-amino acids"
"BPDCZYLPNNLOBD-UHFFFAOYSA-N","Completed","Organic compounds","Lipids and lipid-like molecules","Fatty Acyls","Fatty amides","N-acyl amines"
"IHNKQIMGVNPMTC-RUZDIDTESA-N","Completed","Organic compounds","Lipids and lipid-like molecules","Glycerophospholipids","Glycerophosphocholines","Lysophosphatidylcholines","1-acyl-sn-glycero-3-phosphocholines"
"JRHWHSJDIILJAT-UHFFFAOYSA-M","Completed","Organic compounds","Lipids and lipid-like molecules","Fatty Acyls","Fatty acids and conjugates","Hydroxy fatty acids"
"JACRWUWPXAESPB-UHFFFAOYSA-N","Completed","Organic compounds","Organic acids and derivatives","Hydroxy acids and derivatives","Beta hydroxy acids and derivatives","Beta hydroxy acids and derivatives"
"LYANEXCVXFZQFF-UHFFFAOYSA-N","Completed","Organic compounds","Organic acids and derivatives","Carboxylic acids and derivatives","Tricarboxylic acids and derivatives","Tricarboxylic acids and derivatives"
"DUUGKQCEGZLZNO-UHFFFAOYSA-N","Completed","Organic compounds","Organoheterocyclic compounds","Indoles and derivatives","Indolyl carboxylic acids and derivatives","Indole-3-acetic acid derivatives"
"JBCLFWXMTIKCCB-VIFPVBQESA-N","Completed","Organic compounds","Organic acids and derivatives","Carboxylic acids and derivatives","Amino acids, peptides, and analogues","Peptides"
"BCVIOZZGJNOEQS-XKNYDFJKSA-N","Completed","Organic compounds","Organic acids and derivatives","Carboxylic acids and derivatives","Amino acids, peptides, and analogues","Peptides","Dipeptides"
"UWHCKJMYHZGTIT-UHFFFAOYSA-N","Completed","Organic compounds","Organic oxygen compounds","Organooxygen compounds","Ethers","Dialkyl ethers","Polyethylene glycols"
"RRVPPYNAZJRZFR-VYOBOKEXSA-N","Completed","Organic compounds","Lipids and lipid-like molecules","Glycerophospholipids","Glycerophosphocholines","Phosphatidylcholines"
"YBZAVRDNSPUMFK-UHFFFAOYSA-N","Completed","Organic compounds","Benzenoids","Benzene and substituted derivatives","Benzoic acids and derivatives","Hydroxybenzoic acid derivatives","Salicylic acid and derivatives","Salicylic acids"
"OZJPLYNZGCXSJM-UHFFFAOYSA-N","Completed","Organic compounds","Organoheterocyclic compounds","Lactones","Delta valerolactones","Delta valerolactones"
"LZOSYCMHQXPBFU-UHFFFAOYSA-N","Completed","Organic compounds","Lipids and lipid-like molecules","Fatty Acyls","Fatty acid esters","Acyl carnitines"
"AJMOLNFDYWTVQW-QWRGUYRKSA-N","Completed","Organic compounds","Organic acids and derivatives","Carboxylic acids and derivatives","Amino acids, peptides, and analogues","Peptides"
"YAMUFBLWGFFICM-PTGWMXDISA-N","Completed","Organic compounds","Lipids and lipid-like molecules","Glycerophospholipids","Glycerophosphocholines","Lysophosphatidylcholines","1-acyl-sn-glycero-3-phosphocholines"
"XABCFXXGZPWJQP-UHFFFAOYSA-N","Completed","Organic compounds","Organic acids and derivatives","Carboxylic acids and derivatives","Amino acids, peptides, and analogues","Amino acids and derivatives","Beta amino acids and derivatives"
"OPCJOXGBLDJWRM-UHFFFAOYSA-N","Completed","Organic compounds","Organic nitrogen compounds","Organonitrogen compounds","Amines","Primary amines","Monoalkylamines"
"LNTHITQWFMADLM-UHFFFAOYSA-N","Completed","Organic compounds","Benzenoids","Benzene and substituted derivatives","Benzoic acids and derivatives","Hydroxybenzoic acid derivatives","Gallic acid and derivatives","Gallic acids"
"CAHKINHBCWCHCF-JTQLQIEISA-N","Completed","Organic compounds","Organic acids and derivatives","Carboxylic acids and derivatives","Amino acids, peptides, and analogues","Amino acids and derivatives","Alpha amino acids and derivatives","Tyrosine and derivatives"
"APJYDQYYACXCRM-UHFFFAOYSA-N","Completed","Organic compounds","Organoheterocyclic compounds","Indoles and derivatives","Tryptamines and derivatives","Tryptamines and derivatives"
"ZSBLNRQSHLZWNV-UHFFFAOYSA-N","Completed","Organic compounds","Benzenoids","Benzene and substituted derivatives","Anilides","Anilides"
"WYBVBIHNJWOLCJ-IUCAKERBSA-N","Completed","Organic compounds","Organic acids and derivatives","Carboxylic acids and derivatives","Amino acids, peptides, and analogues","Peptides","Dipeptides"
"YCUWMGPYKGLQQF-UHFFFAOYSA-N","Completed","Organic compounds","Lipids and lipid-like molecules","Prenol lipids","Sesquiterpenoids","Sesquiterpenoids"
"OMEMQVZNTDHENJ-UHFFFAOYSA-N","Completed","Organic compounds","Organic nitrogen compounds","Organonitrogen compounds","Amines","Secondary amines","Dialkylamines"
"BBIXOODYWPFNDT-CIUDSAMLSA-N","Completed","Organic compounds","Organic acids and derivatives","Carboxylic acids and derivatives","Amino acids, peptides, and analogues","Peptides","Dipeptides"
"NFDYGNFETJVMSE-BQBZGAKWSA-N","Completed","Organic compounds","Organic acids and derivatives","Carboxylic acids and derivatives","Amino acids, peptides, and analogues","Peptides","Dipeptides"
"CUOKHACJLGPRHD-UHFFFAOYSA-N","Completed","Organic compounds","Organic oxygen compounds","Organooxygen compounds","Carbohydrates and carbohydrate conjugates","Monosaccharides","Pentoses"
"QJERBBQXOMUURJ-UHFFFAOYSA-N","Completed","Organic compounds","Benzenoids","Benzene and substituted derivatives","Benzoic acids and derivatives","Benzamides","Hippuric acids and derivatives","Hippuric acids"
"JLTDJTHDQAWBAV-UHFFFAOYSA-N","Completed","Organic compounds","Organic nitrogen compounds","Organonitrogen compounds","Amines","Tertiary amines","Tertiary alkylarylamines","Dialkylarylamines"
"PLZVEHJLHYMBBY-UHFFFAOYSA-N","Completed","Organic compounds","Organic nitrogen compounds","Organonitrogen compounds","Amines","Primary amines","Monoalkylamines"
"QLNWXBAGRTUKKI-UHFFFAOYSA-N","Completed","Organic compounds","Benzenoids","Benzene and substituted derivatives","Anilides","Acetanilides"
"ZRALSGWEFCBTJO-UHFFFAOYSA-N","Completed","Organic compounds","Organic nitrogen compounds","Organonitrogen compounds","Guanidines","Guanidines"
"LFUJIPVWTMGYDG-UHFFFAOYSA-N","Completed","Organic compounds","Organoheterocyclic compounds","Isoquinolines and derivatives","","Isoquinolines and derivatives"
"ZQVKTHRQIXSMGY-UHFFFAOYSA-N","Completed","Organic compounds","Benzenoids","Benzene and substituted derivatives","Benzoic acids and derivatives","Benzoic acids"
"VODZWWMEJITOND-NXCSZAMKSA-N","Completed","Organic compounds","Lipids and lipid-like molecules","Sphingolipids","Ceramides","Long-chain ceramides"
"BOLQJTPHPSDZHR-UHFFFAOYSA-N","Completed","Organic compounds","Phenylpropanoids and polyketides","Phenylpropanoic acids","","Phenylpropanoic acids"
"GHOKWGTUZJEAQD-ZETCQYMHSA-N","Completed","Organic compounds","Organic oxygen compounds","Organooxygen compounds","Alcohols and polyols","Secondary alcohols"
"HXIPUYVSSGKLFF-VIFPVBQESA-N","Completed","Organic compounds","Benzenoids","Phenols","1-hydroxy-2-unsubstituted benzenoids","1-hydroxy-2-unsubstituted benzenoids"
"YVYMBNSKXOXSKW-HXUWFJFHSA-N","Completed","Organic compounds","Lipids and lipid-like molecules","Glycerophospholipids","Glycerophosphoethanolamines","Lysophosphatidylethanolamines","1-acyl-sn-glycero-3-phosphoethanolamines"
"ILVGMCVCQBJPSH-WDSKDSINSA-N","Completed","Organic compounds","Organic acids and derivatives","Carboxylic acids and derivatives","Amino acids, peptides, and analogues","Peptides","Dipeptides"
"KIVAJCJTVPWSRJ-OQHNRNOKSA-N","Completed","Organic compounds","Lipids and lipid-like molecules","Glycerophospholipids","Glycerophosphocholines","Phosphatidylcholines"
"GPWHCUUIQMGELX-VHQDNGOZSA-N","Completed","Organic compounds","Lipids and lipid-like molecules","Glycerophospholipids","Glycerophosphocholines","Phosphatidylcholines"
"NMHMNPHRMNGLLB-UHFFFAOYSA-N","Completed","Organic compounds","Phenylpropanoids and polyketides","Phenylpropanoic acids","","Phenylpropanoic acids"
"BKAWJIRCKVUVED-UHFFFAOYSA-N","Completed","Organic compounds","Organoheterocyclic compounds","Azoles","Thiazoles","4,5-disubstituted thiazoles"
"AOHCBEAZXHZMOR-ZDUSSCGKSA-N","Completed","Organic compounds","Organic acids and derivatives","Carboxylic acids and derivatives","Amino acids, peptides, and analogues","Amino acids and derivatives","Alpha amino acids and derivatives","Alpha amino acids","L-alpha-amino acids"
"SQVRNKJHWKZAKO-LUWBGTNYSA-N","Completed","Organic compounds","Organic oxygen compounds","Organooxygen compounds","Carbohydrates and carbohydrate conjugates","Sugar acids and derivatives","Sugar amino acids and derivatives","Pyranoid amino acids and derivatives","Neuraminic acids and derivatives","N-acylneuraminic acids and derivatives","N-acylneuraminic acids"
"XHAGTHLWALCIKI-UHFFFAOYSA-N","Completed","Organic compounds","Phenylpropanoids and polyketides","Cinnamaldehydes","","Cinnamaldehydes"
"AZLASBBHHSLQDB-GUBZILKMSA-N","Completed","Organic compounds","Organic acids and derivatives","Carboxylic acids and derivatives","Amino acids, peptides, and analogues","Peptides","Dipeptides"
"IEHDJWSAXBGJIP-RYUDHWBXSA-N","Completed","Organic compounds","Organic acids and derivatives","Carboxylic acids and derivatives","Amino acids, peptides, and analogues","Peptides","Dipeptides"
"JGPIWNNFLKDTSR-UHFFFAOYSA-N","Completed","Organic compounds","Organic acids and derivatives","Carboxylic acids and derivatives","Amino acids, peptides, and analogues","Amino acids and derivatives","Alpha amino acids and derivatives"
"ASWBNKHCZGQVJV-HSZRJFAPSA-N","Completed","Organic compounds","Lipids and lipid-like molecules","Glycerophospholipids","Glycerophosphocholines","Lysophosphatidylcholines","1-acyl-sn-glycero-3-phosphocholines"
"CUYKNJBYIJFRCU-UHFFFAOYSA-O","Completed","Organic compounds","Organoheterocyclic compounds","Pyridines and derivatives","Aminopyridines and derivatives","Aminopyridines and derivatives"
"SWXVUIWOUIDPGS-UHFFFAOYSA-N","Completed","Organic compounds","Organic oxygen compounds","Organooxygen compounds","Carbonyl compounds","Ketones","Beta-hydroxy ketones"
"YCIMNLLNPGFGHC-UHFFFAOYSA-N","Completed","Organic compounds","Benzenoids","Phenols","Benzenediols","Catechols"
"UIKROCXWUNQSPJ-UHFFFAOYSA-N","Completed","Organic compounds","Organoheterocyclic compounds","Pyridines and derivatives","Pyrrolidinylpyridines","Pyrrolidinylpyridines"
"WVDDGKGOMKODPV-UHFFFAOYSA-N","Completed","Organic compounds","Benzenoids","Benzene and substituted derivatives","Benzyl alcohols","Benzyl alcohols"
"RCFDOSNHHZGBOY-ACZMJKKPSA-N","Completed","Organic compounds","Organic acids and derivatives","Carboxylic acids and derivatives","Amino acids, peptides, and analogues","Peptides","Dipeptides"
"BOWVQLFMWHZBEF-KTKRTIGZSA-N","Completed","Organic compounds","Organic nitrogen compounds","Organonitrogen compounds","Amines","Alkanolamines","1,2-aminoalcohols","N-acylethanolamines"
"ZKQOUHVVXABNDG-IUCAKERBSA-N","Completed","Organic compounds","Organic acids and derivatives","Carboxylic acids and derivatives","Amino acids, peptides, and analogues","Peptides","Dipeptides"
"WTJKGGKOPKCXLL-RYDYYDTQSA-N","Completed","Organic compounds","Lipids and lipid-like molecules","Glycerophospholipids","Glycerophosphocholines","Phosphatidylcholines"
"IPOLTUVFXFHAHI-WHIOSMTNSA-N","Completed","Organic compounds","Lipids and lipid-like molecules","Fatty Acyls","Fatty acid esters","Acyl carnitines"
"VHRGRCVQAFMJIZ-UHFFFAOYSA-N","Completed","Organic compounds","Organic nitrogen compounds","Organonitrogen compounds","Amines","Primary amines","Monoalkylamines"
"JWBLQDDHSDGEGR-DRZSPHRISA-N","Completed","Organic compounds","Organic acids and derivatives","Carboxylic acids and derivatives","Amino acids, peptides, and analogues","Peptides","Dipeptides"
"XGILAAMKEQUXLS-UHFFFAOYSA-N","Completed","Organic compounds","Organoheterocyclic compounds","Indoles and derivatives","Indolyl carboxylic acids and derivatives","Indolyl carboxylic acids and derivatives"
"UFAHZIUFPNSHSL-MRVPVSSYSA-N","Completed","Organic compounds","Lipids and lipid-like molecules","Fatty Acyls","Fatty acid esters","Acyl carnitines"
"PXGZQGDTEZPERC-UHFFFAOYSA-N","Completed","Organic compounds","Organic acids and derivatives","Carboxylic acids and derivatives","Dicarboxylic acids and derivatives","Dicarboxylic acids and derivatives"
"HVDGDHBAMCBBLR-PBHICJAKSA-N","Completed","Organic compounds","Lignans, neolignans and related compounds","Furanoid lignans","Tetrahydrofuran lignans","9,9'-epoxylignans","Dibenzylbutyrolactone lignans"
"MYTOTTSMVMWVJN-STQMWFEESA-N","Completed","Organic compounds","Organic acids and derivatives","Carboxylic acids and derivatives","Amino acids, peptides, and analogues","Peptides","Dipeptides"
"NPOAOTPXWNWTSH-UHFFFAOYSA-N","Completed","Organic compounds","Lipids and lipid-like molecules","Fatty Acyls","Fatty acids and conjugates","Hydroxy fatty acids"
"MXHRCPNRJAMMIM-SHYZEUOFSA-N","Completed","Organic compounds","Nucleosides, nucleotides, and analogues","Pyrimidine nucleosides","Pyrimidine 2'-deoxyribonucleosides","Pyrimidine 2'-deoxyribonucleosides"
"FZERHIULMFGESH-UHFFFAOYSA-N","Completed","Organic compounds","Benzenoids","Benzene and substituted derivatives","","Benzene and substituted derivatives"
"XITLYYAIPBBHPX-ZKWXMUAHSA-N","Completed","Organic compounds","Organic acids and derivatives","Carboxylic acids and derivatives","Amino acids, peptides, and analogues","Peptides","Dipeptides"
"ROHFNLRQFUQHCH-YFKPBYRVSA-N","Completed","Organic compounds","Organic acids and derivatives","Carboxylic acids and derivatives","Amino acids, peptides, and analogues","Amino acids and derivatives","Alpha amino acids and derivatives","Leucine and derivatives"
"MJLXQSQYKZWZCB-DQFWFXSYSA-N","Completed","Organic compounds","Lipids and lipid-like molecules","Fatty Acyls","Fatty acid esters","Acyl carnitines"
"CFFZDZCDUFSOFZ-UHFFFAOYSA-N","Completed","Organic compounds","Benzenoids","Phenols","Benzenediols","Catechols"
"FJKROLUGYXJWQN-UHFFFAOYSA-N","Completed","Organic compounds","Benzenoids","Benzene and substituted derivatives","Benzoic acids and derivatives","Hydroxybenzoic acid derivatives"
"IVYPNXXAYMYVSP-UHFFFAOYSA-N","Completed","Organic compounds","Organoheterocyclic compounds","Indoles and derivatives","Indoles","3-alkylindoles"
"OBTCMSPFOITUIJ-FSPLSTOPSA-N","Completed","Organic compounds","Organic acids and derivatives","Carboxylic acids and derivatives","Amino acids, peptides, and analogues","Peptides","Dipeptides"
"BYRVXROVZBYNOZ-UHFFFAOYSA-N","Completed","Organic compounds","Phenylpropanoids and polyketides","Phenylpropanoic acids","","Phenylpropanoic acids"
"UGQMRVRMYYASKQ-KQYNXXCUSA-N","Completed","Organic compounds","Nucleosides, nucleotides, and analogues","Purine nucleosides","","Purine nucleosides"
"WXNXCEHXYPACJF-UHFFFAOYSA-N","Completed","Organic compounds","Organic acids and derivatives","Carboxylic acids and derivatives","Amino acids, peptides, and analogues","Amino acids and derivatives","Alpha amino acids and derivatives","Leucine and derivatives"
"HLIJNIKSBCIDGO-QKLMXXKVSA-N","Completed","Organic compounds","Lipids and lipid-like molecules","Sphingolipids","Glycosphingolipids","Neutral glycosphingolipids","Simple glycosylceramides","Glycosyl-N-acylsphingosines"
"DTUQWGWMVIHBKE-UHFFFAOYSA-N","Completed","Organic compounds","Benzenoids","Benzene and substituted derivatives","Phenylacetaldehydes","Phenylacetaldehydes"
"MALNXHYEPCSPPU-UWVGGRQHSA-N","Completed","Organic compounds","Organic acids and derivatives","Carboxylic acids and derivatives","Amino acids, peptides, and analogues","Peptides","Dipeptides"
"SYEOWUNSTUDKGM-UHFFFAOYSA-N","Completed","Organic compounds","Lipids and lipid-like molecules","Fatty Acyls","Fatty acids and conjugates","Medium-chain fatty acids"
"BHQCQFFYRZLCQQ-OELDTZBJSA-N","Completed","Organic compounds","Lipids and lipid-like molecules","Steroids and steroid derivatives","Bile acids, alcohols and derivatives","Hydroxy bile acids, alcohols and derivatives","Trihydroxy bile acids, alcohols and derivatives"
"HDHQZCHIXUUSMK-UHFFFAOYSA-N","Completed","Organic compounds","Organoheterocyclic compounds","Quinolines and derivatives","Quinolones and derivatives","Hydroxyquinolones"
"RWQNBRDOKXIBIV-UHFFFAOYSA-N","Completed","Organic compounds","Organoheterocyclic compounds","Diazines","Pyrimidines and pyrimidine derivatives","Hydroxypyrimidines"
"AUNGANRZJHBGPY-SCRDCRAPSA-N","Completed","Organic compounds","Organoheterocyclic compounds","Pteridines and derivatives","Alloxazines and isoalloxazines","Flavins"
"YXIWHUQXZSMYRE-UHFFFAOYSA-N","Completed","Organic compounds","Organoheterocyclic compounds","Benzothiazoles","","Benzothiazoles"
"SDRDMLFVFFTPAW-UHFFFAOYSA-N","Completed","Organic compounds","Organic acids and derivatives","Carboxylic acids and derivatives","Amino acids, peptides, and analogues","Amino acids and derivatives","Alpha amino acids and derivatives","Alpha amino acids"
"BPAQTDYDNBMYAM-SOFGYWHQSA-N","Completed","Organic compounds","Organoheterocyclic compounds","Indoles and derivatives","Indoles","Indoles"
"CVNYHSDFZXHMMJ-VPUMZWJWSA-N","Completed","Organic compounds","Lipids and lipid-like molecules","Steroids and steroid derivatives","Bile acids, alcohols and derivatives","Hydroxy bile acids, alcohols and derivatives","Monohydroxy bile acids, alcohols and derivatives"
"MGRVRXRGTBOSHW-UHFFFAOYSA-N","Completed","Organic compounds","Organic acids and derivatives","Organic phosphonic acids and derivatives","Organic phosphonic acids","Organic phosphonic acids"
"WEQJQNWXCSUVMA-RYUDHWBXSA-N","Completed","Organic compounds","Organic acids and derivatives","Carboxylic acids and derivatives","Amino acids, peptides, and analogues","Peptides","Dipeptides"
"UPJONISHZRADBH-XPUUQOCRSA-N","Completed","Organic compounds","Organic acids and derivatives","Carboxylic acids and derivatives","Amino acids, peptides, and analogues","Peptides","Dipeptides"
"FEPAFOYQTIEEIS-WZKFEGCESA-N","Completed","Organic compounds","Benzenoids","Benzene and substituted derivatives","Benzoic acids and derivatives","Hydroxybenzoic acid derivatives","Gallic acid and derivatives","Galloyl esters"
"OSYQOBUUFRGFNG-UHFFFAOYSA-N","Completed","Organic compounds","Lipids and lipid-like molecules","Fatty Acyls","Fatty acids and conjugates","Medium-chain fatty acids"
"ULSIYEODSMZIPX-UHFFFAOYSA-N","Completed","Organic compounds","Organic nitrogen compounds","Organonitrogen compounds","Amines","Aralkylamines"
"NYOXRYYXRWJDKP-UHFFFAOYSA-N","Completed","Organic compounds","Lipids and lipid-like molecules","Steroids and steroid derivatives","Cholestane steroids","Cholesterols and derivatives"
"UYTPUPDQBNUYGX-UHFFFAOYSA-N","Completed","Organic compounds","Organoheterocyclic compounds","Imidazopyrimidines","Purines and purine derivatives","Purines and purine derivatives"
"SYELZBGXAIXKHU-UHFFFAOYSA-N","Completed","Organic compounds","Organic nitrogen compounds","Organonitrogen compounds","Aminoxides","Long-chain alkyl amine oxides"
"NBEADXWAAWCCDG-QDDWGVBQSA-N","Completed","Organic compounds","Lipids and lipid-like molecules","Sphingolipids","Phosphosphingolipids","Phosphosphingolipids"
"HSRXSKHRSXRCFC-WDSKDSINSA-N","Completed","Organic compounds","Organic acids and derivatives","Carboxylic acids and derivatives","Amino acids, peptides, and analogues","Peptides","Dipeptides"
"KTGFOCFYOZQVRJ-ZKWXMUAHSA-N","Completed","Organic compounds","Organic acids and derivatives","Carboxylic acids and derivatives","Amino acids, peptides, and analogues","Peptides","Dipeptides"
"JVTAAEKCZFNVCJ-UHFFFAOYSA-N","Completed","Organic compounds","Organic acids and derivatives","Hydroxy acids and derivatives","Alpha hydroxy acids and derivatives","Alpha hydroxy acids and derivatives"
"REYJJPSVUYRZGE-UHFFFAOYSA-N","Completed","Organic compounds","Organic nitrogen compounds","Organonitrogen compounds","Amines","Primary amines","Monoalkylamines"
"CQRYARSYNCAZFO-UHFFFAOYSA-N","Completed","Organic compounds","Benzenoids","Benzene and substituted derivatives","Benzyl alcohols","Benzyl alcohols"
"LIWMQSWFLXEGMA-WDSKDSINSA-N","Completed","Organic compounds","Organic acids and derivatives","Carboxylic acids and derivatives","Amino acids, peptides, and analogues","Peptides"
"ODHCTXKNWHHXJC-GSVOUGTGSA-N","Completed","Organic compounds","Organic acids and derivatives","Carboxylic acids and derivatives","Amino acids, peptides, and analogues","Amino acids and derivatives","Alpha amino acids and derivatives","Proline and derivatives"
"IOUPEELXVYPCPG-LURJTMIESA-N","Completed","Organic compounds","Organic acids and derivatives","Carboxylic acids and derivatives","Amino acids, peptides, and analogues","Peptides","Dipeptides"
"VYKSGWCIVDQIQR-MEAIPJDCSA-N","Completed","Organic compounds","Lipids and lipid-like molecules","Glycerophospholipids","Glycerophosphocholines","1-alkyl,2-acylglycero-3-phosphocholines"
"GNWTWXOZRSBCOZ-UHFFFAOYSA-N","Completed","Organic compounds","Organoheterocyclic compounds","Pyrroles","Substituted pyrroles","Phenylpyrroles"
"HCAJEUSONLESMK-UHFFFAOYSA-N","Completed","Organic compounds","Organic acids and derivatives","Sulfamic acid derivatives","Cyclamates","Cyclamates"
"IZSRJDGCGRAUAR-MROZADKFSA-N","Completed","Organic compounds","Organic acids and derivatives","Hydroxy acids and derivatives","Medium-chain hydroxy acids and derivatives","Medium-chain hydroxy acids and derivatives"
"JLBRPUWVDHSZKB-UHFFFAOYSA-N","Completed","Organic compounds","Benzenoids","Benzene and substituted derivatives","Anilides","Anilides"
"FNPHNLNTJNMAEE-HSZRJFAPSA-O","Completed","Organic compounds","Lipids and lipid-like molecules","Fatty Acyls","Fatty acid esters","Acyl carnitines"
"XHHOHZPNYFQJKL-QWRGUYRKSA-N","Completed","Organic compounds","Organic acids and derivatives","Carboxylic acids and derivatives","Amino acids, peptides, and analogues","Amino acids and derivatives","Alpha amino acids and derivatives","Phenylalanine and derivatives"
"ONJSZLXSECQROL-UHFFFAOYSA-N","Completed","Organic compounds","Benzenoids","Benzene and substituted derivatives","Benzoic acids and derivatives","Benzamides","Hippuric acids and derivatives","Hippuric acids"
"FRAXEZGWRAVEIK-UHFFFAOYSA-N","Completed","Organic compounds","Benzenoids","Benzene and substituted derivatives","Benzoic acids and derivatives","Halobenzoic acids and derivatives","Halobenzoic acids"
"LMIQERWZRIFWNZ-UHFFFAOYSA-N","Completed","Organic compounds","Organoheterocyclic compounds","Indoles and derivatives","Hydroxyindoles","Hydroxyindoles"
"PAYRUJLWNCNPSJ-UHFFFAOYSA-N","Completed","Organic compounds","Benzenoids","Benzene and substituted derivatives","Aniline and substituted anilines","Aniline and substituted anilines"
"MJBPUQUGJNAPAZ-AWEZNQCLSA-N","Completed","Organic compounds","Phenylpropanoids and polyketides","Flavonoids","Flavans","Flavanones"
"JFLIEFSWGNOPJJ-JTQLQIEISA-N","Completed","Organic compounds","Organic acids and derivatives","Carboxylic acids and derivatives","Amino acids, peptides, and analogues","Amino acids and derivatives","Alpha amino acids and derivatives","N-acyl-alpha amino acids and derivatives","N-acyl-alpha amino acids"
"SMQUZDBALVYZAC-UHFFFAOYSA-N","Completed","Organic compounds","Organic oxygen compounds","Organooxygen compounds","Carbonyl compounds","Aldehydes","Aryl-aldehydes","Benzaldehydes","Hydroxybenzaldehydes"
"DUFGYCAXVIUXIP-UHFFFAOYSA-N","Completed","Organic compounds","Organoheterocyclic compounds","Diazines","Pyrimidines and pyrimidine derivatives","Hydroxypyrimidines"
"QAIPRVGONGVQAS-DUXPYHPUSA-N","Completed","Organic compounds","Phenylpropanoids and polyketides","Cinnamic acids and derivatives","Hydroxycinnamic acids and derivatives","Hydroxycinnamic acids"
"BXJHWYVXLGLDMZ-UHFFFAOYSA-N","Completed","Organic compounds","Organoheterocyclic compounds","Imidazopyrimidines","Purines and purine derivatives","Purinones","Hypoxanthines"
"SAOKZLXYCUGLFA-UHFFFAOYSA-N","Completed","Organic compounds","Lipids and lipid-like molecules","Fatty Acyls","Fatty acid esters","Fatty acid esters"
"LWBHHRRTOZQPDM-UHFFFAOYSA-N","Completed","Organic compounds","Lipids and lipid-like molecules","Fatty Acyls","Fatty acids and conjugates","Medium-chain fatty acids"
"ARPVSMCNIDAQBO-YUMQZZPRSA-N","Completed","Organic compounds","Organic acids and derivatives","Carboxylic acids and derivatives","Amino acids, peptides, and analogues","Peptides","Dipeptides"
"LXNHXLLTXMVWPM-UHFFFAOYSA-N","Completed","Organic compounds","Organoheterocyclic compounds","Pyridines and derivatives","Pyridoxines","Pyridoxines"
"FNWNGQGTFICQJU-UHFFFAOYSA-N","Completed","Organic compounds","Lipids and lipid-like molecules","Prenol lipids","Monoterpenoids","Aromatic monoterpenoids"
"MOTZDAYCYVMXPC-UHFFFAOYSA-N","Completed","Organic compounds","Organic acids and derivatives","Organic sulfuric acids and derivatives","Sulfuric acid esters","Sulfuric acid monoesters"
"NFNVDJGXRFEYTK-UHFFFAOYSA-N","Completed","Organic compounds","Organic acids and derivatives","Carboxylic acids and derivatives","Amino acids, peptides, and analogues","Peptides","Dipeptides"
"CQSLTKIXAJTQGA-FLIBITNWSA-N","Completed","Organic compounds","Lipids and lipid-like molecules","Fatty Acyls","Fatty acids and conjugates","Long-chain fatty acids"
"IHNKQIMGVNPMTC-RUZDIDTESA-N","Completed","Organic compounds","Lipids and lipid-like molecules","Glycerophospholipids","Glycerophosphocholines","Lysophosphatidylcholines","1-acyl-sn-glycero-3-phosphocholines"
"FGSBNBBHOZHUBO-UHFFFAOYSA-N","Completed","Organic compounds","Organic acids and derivatives","Keto acids and derivatives","Medium-chain keto acids and derivatives","Medium-chain keto acids and derivatives"
"JALVTHFTYRPDMB-UHFFFAOYSA-N","Completed","Organic compounds","Lipids and lipid-like molecules","Steroids and steroid derivatives","Steroidal alkaloids","Solanidines and derivatives"
"AFENDNXGAFYKQO-VKHMYHEASA-N","Completed","Organic compounds","Organic acids and derivatives","Hydroxy acids and derivatives","Alpha hydroxy acids and derivatives","Alpha hydroxy acids and derivatives"
"VOXXWSYKYCBWHO-UHFFFAOYSA-N","Completed","Organic compounds","Phenylpropanoids and polyketides","Phenylpropanoic acids","","Phenylpropanoic acids"
"ZOMBGPVQRXZSGW-UHFFFAOYSA-N","Completed","Organic compounds","Organic acids and derivatives","Carboxylic acids and derivatives","Amino acids, peptides, and analogues","Amino acids and derivatives","Delta amino acids and derivatives"
"FHYMLBVGNFVFBT-UHFFFAOYSA-N","Completed","Organic compounds","Organoheterocyclic compounds","Pyridines and derivatives","Pyridinecarboxylic acids and derivatives","Pyridinecarboxylic acids"
"BUCOQPHDYUOJSI-UHFFFAOYSA-N","Completed","Organic compounds","Organic oxygen compounds","Organooxygen compounds","Carbonyl compounds","1,3-dicarbonyl compounds","Beta-diketones"
"GTZCVFVGUGFEME-HNQUOIGGSA-N","Completed","Organic compounds","Organic acids and derivatives","Carboxylic acids and derivatives","Tricarboxylic acids and derivatives","Tricarboxylic acids and derivatives"
"HIWPGCMGAMJNRG-VXSGSMIHSA-N","Completed","Organic compounds","Organic oxygen compounds","Organooxygen compounds","Carbohydrates and carbohydrate conjugates","Glycosyl compounds","O-glycosyl compounds"
"WZPMZMCZAGFKOC-UHFFFAOYSA-M","Completed","Organic compounds","Organic acids and derivatives","Organic phosphoric acids and derivatives","Phosphate esters","Alkyl phosphates","Dialkyl phosphates"
"DYTVYDVNJBXBMW-UHFFFAOYSA-N","Completed","Organic compounds","Organic acids and derivatives","Carboxylic acids and derivatives","Amino acids, peptides, and analogues","Amino acids and derivatives","Alpha amino acids and derivatives","N-acyl-alpha amino acids and derivatives"
"BBZCPUCZKLTAJQ-UHFFFAOYSA-N","Completed","Organic compounds","Organoheterocyclic compounds","Indoles and derivatives","Indolines","Indolines"
"IJFPVINAQGWBRJ-UHFFFAOYSA-N","Completed","Organic compounds","Benzenoids","Benzene and substituted derivatives","Benzoic acids and derivatives","Benzoic acid esters"
"VZCYOOQTPOCHFL-UPHRSURJSA-N","Completed","Organic compounds","Organic acids and derivatives","Carboxylic acids and derivatives","Dicarboxylic acids and derivatives","Dicarboxylic acids and derivatives"
"OABFIJGAEVKMJP-UHFFFAOYSA-N","Completed","Organic compounds","Phenylpropanoids and polyketides","Linear 1,3-diarylpropanoids","Chalcones and dihydrochalcones","Retro-dihydrochalcones"
"ODAKRYUDLXZGCT-UHFFFAOYSA-N","Completed","Organic compounds","Organic acids and derivatives","Carboxylic acids and derivatives","Amino acids, peptides, and analogues","Amino acids and derivatives","Alpha amino acids and derivatives","Leucine and derivatives"
"ZXZKYYHTWHJHFT-UHFFFAOYSA-N","Completed","Organic compounds","Organoheterocyclic compounds","Quinolines and derivatives","Quinolones and derivatives","Quinolones and derivatives"
"GMBQZIIUCVWOCD-WWASVFFGSA-N","Completed","Organic compounds","Lipids and lipid-like molecules","Prenol lipids","Triterpenoids","Triterpenoids"
"XTZDZAXYPDISRR-MNXVOIDGSA-N","Completed","Organic compounds","Organic acids and derivatives","Carboxylic acids and derivatives","Amino acids, peptides, and analogues","Peptides","Oligopeptides"
"IIRDTKBZINWQAW-UHFFFAOYSA-N","Completed","Organic compounds","Organic oxygen compounds","Organooxygen compounds","Ethers","Dialkyl ethers","Polyethylene glycols"
"HEOVGVNITGAUKL-UHFFFAOYSA-N","Completed","Organic compounds","Organic oxygen compounds","Organooxygen compounds","Carbonyl compounds","Ketones","Aryl ketones","Phenylketones","Alkyl-phenylketones"
"HWMGTNOVUDIKRE-UWVGGRQHSA-N","Completed","Organic compounds","Organic acids and derivatives","Carboxylic acids and derivatives","Amino acids, peptides, and analogues","Peptides","Dipeptides"
"ZFXYFBGIUFBOJW-UHFFFAOYSA-N","Completed","Organic compounds","Organoheterocyclic compounds","Imidazopyrimidines","Purines and purine derivatives","Xanthines"
"PCMORTLOPMLEFB-ONEGZZNKSA-N","Completed","Organic compounds","Phenylpropanoids and polyketides","Cinnamic acids and derivatives","Hydroxycinnamic acids and derivatives","Hydroxycinnamic acids"
"BNUHAJGCKIQFGE-UHFFFAOYSA-N","Completed","Organic compounds","Benzenoids","Benzene and substituted derivatives","Nitrobenzenes","Nitrophenyl ethers"
"NJMYZEJORPYOTO-BQBZGAKWSA-N","Completed","Organic compounds","Organic acids and derivatives","Carboxylic acids and derivatives","Amino acids, peptides, and analogues","Peptides","Dipeptides"
"JJYPMNFTHPTTDI-UHFFFAOYSA-N","Completed","Organic compounds","Benzenoids","Benzene and substituted derivatives","Toluenes","Aminotoluenes"
"TYFQFVWCELRYAO-UHFFFAOYSA-N","Completed","Organic compounds","Lipids and lipid-like molecules","Fatty Acyls","Fatty acids and conjugates","Medium-chain fatty acids"
"KKSDGJDHHZEWEP-SNAWJCMRSA-N","Completed","Organic compounds","Phenylpropanoids and polyketides","Cinnamic acids and derivatives","Hydroxycinnamic acids and derivatives","Hydroxycinnamic acids"
"UZTFMUBKZQVKLK-UHFFFAOYSA-N","Completed","Organic compounds","Organic acids and derivatives","Carboxylic acids and derivatives","Amino acids, peptides, and analogues","Amino acids and derivatives","Gamma amino acids and derivatives"
"GLEOIKLQBZNKJZ-UHFFFAOYSA-N","Completed","Organic compounds","Organic acids and derivatives","Carboxylic acids and derivatives","Amino acids, peptides, and analogues","Peptides","Dipeptides"
"YFYNOWXBIBKGHB-FBCQKBJTSA-N","Completed","Organic compounds","Organic acids and derivatives","Carboxylic acids and derivatives","Amino acids, peptides, and analogues","Amino acids and derivatives","Alpha amino acids and derivatives","Alpha amino acids","L-alpha-amino acids"
"ZCKWIRNYRQKPNV-UHFFFAOYSA-N","Completed","Organic compounds","Organoheterocyclic compounds","Quinolines and derivatives","Phenylquinolines","Phenylquinolines"
"KIHBGTRZFAVZRV-KRWDZBQOSA-N","Completed","Organic compounds","Lipids and lipid-like molecules","Fatty Acyls","Fatty acids and conjugates","Long-chain fatty acids"
"NIXDINZDFZJZHG-LUAWRHEFSA-N","Completed","Organic compounds","Lipids and lipid-like molecules","Fatty Acyls","Fatty acids and conjugates","Medium-chain fatty acids"
"NZWOPGCLSHLLPA-UHFFFAOYSA-N","Completed","Organic compounds","Organic nitrogen compounds","Organonitrogen compounds","Quaternary ammonium salts","Tetraalkylammonium salts"
"KRNYOVHEKOBTEF-YUMQZZPRSA-N","Completed","Organic compounds","Organic acids and derivatives","Carboxylic acids and derivatives","Amino acids, peptides, and analogues","Peptides"
"NOFNCLGCUJJPKU-UHFFFAOYSA-N","Completed","Organic compounds","Organoheterocyclic compounds","Imidazopyrimidines","Purines and purine derivatives","Xanthines"
"QTDIEDOANJISNP-UHFFFAOYSA-N","Completed","Organic compounds","Organic acids and derivatives","Organic sulfuric acids and derivatives","Sulfuric acid esters","Sulfuric acid monoesters"
"RYUZWZOTJULRNS-UHFFFAOYSA-N","Completed","Organic compounds","Organoheterocyclic compounds","Tetrahydrofurans","","Tetrahydrofurans"
"XGDCYUQSFDQISZ-BQBZGAKWSA-N","Completed","Organic compounds","Organic acids and derivatives","Carboxylic acids and derivatives","Amino acids, peptides, and analogues","Peptides","Dipeptides"
"AJWAPHOSPGHEJW-UHFFFAOYSA-N","Completed","Organic compounds","Organoheterocyclic compounds","Imidazopyrimidines","Purines and purine derivatives","6-thiopurines"
"RNQHMTFBUSSBJQ-UHFFFAOYSA-N","Completed","Organic compounds","Lipids and lipid-like molecules","Fatty Acyls","Fatty acids and conjugates","Hydroxy fatty acids"
"BCXBIONYYJCSDF-CIUDSAMLSA-N","Completed","Organic compounds","Organic acids and derivatives","Carboxylic acids and derivatives","Amino acids, peptides, and analogues","Peptides","Dipeptides"
"LPMRCCNDNGONCD-RITPCOANSA-N","Completed","Organic compounds","Organic acids and derivatives","Carboxylic acids and derivatives","Amino acids, peptides, and analogues","Amino acids and derivatives","Alpha amino acids and derivatives","Alpha amino acids","L-alpha-amino acids"
"NNLZBVFSCVTSLA-UHFFFAOYSA-N","Completed","Organic compounds","Organic oxygen compounds","Organooxygen compounds","Carbohydrates and carbohydrate conjugates","Sugar acids and derivatives","Glucuronic acid derivatives","Glucuronides","C-glucuronides"
"PPQRSMGDOHLTBE-UWVGGRQHSA-N","Completed","Organic compounds","Organic acids and derivatives","Carboxylic acids and derivatives","Amino acids, peptides, and analogues","Peptides","Dipeptides"
"PAGTXDLKXRBHFL-UHFFFAOYSA-N","Completed","Organic compounds","Organoheterocyclic compounds","Pyridines and derivatives","Methylpyridines","Methylpyridines"
"BECPPKYKPSRKCP-ZDLURKLDSA-N","Completed","Organic compounds","Organic acids and derivatives","Carboxylic acids and derivatives","Amino acids, peptides, and analogues","Peptides","Dipeptides"
"QOLYAJSZHIJCTO-VQVTYTSYSA-N","Completed","Organic compounds","Organic acids and derivatives","Carboxylic acids and derivatives","Amino acids, peptides, and analogues","Peptides","Dipeptides"
"HSQGMTRYSIHDAC-BQBZGAKWSA-N","Completed","Organic compounds","Organic acids and derivatives","Carboxylic acids and derivatives","Amino acids, peptides, and analogues","Peptides"
"ZFAHNWWNDFHPOH-YFKPBYRVSA-N","Completed","Organic compounds","Organic acids and derivatives","Carboxylic acids and derivatives","Amino acids, peptides, and analogues","Amino acids and derivatives","Alpha amino acids and derivatives","Cysteine and derivatives","L-cysteine-S-conjugates"
"HQHCYKULIHKCEB-UHFFFAOYSA-N","Completed","Organic compounds","Lipids and lipid-like molecules","Fatty Acyls","Fatty acids and conjugates","Long-chain fatty acids"
"WAQBISPOEAOCOG-KZYORJDKSA-N","Completed","Organic compounds","Lipids and lipid-like molecules","Steroids and steroid derivatives","Sulfated steroids","Sulfated steroids"
"YEMITEDRQMFNKS-UHFFFAOYSA-N","Completed","Organic compounds","Organic acids and derivatives","Carboxylic acids and derivatives","Amino acids, peptides, and analogues","Amino acids and derivatives","Alpha amino acids and derivatives","Phenylalanine and derivatives"
"GRFNBEZIAWKNCO-UHFFFAOYSA-N","Completed","Organic compounds","Organoheterocyclic compounds","Pyridines and derivatives","Hydroxypyridines","Hydroxypyridines"
"QHGUCRYDKWKLMG-QMMMGPOBSA-N","Completed","Organic compounds","Benzenoids","Phenols","1-hydroxy-2-unsubstituted benzenoids","1-hydroxy-2-unsubstituted benzenoids"
"UAUDZVJPLUQNMU-KTKRTIGZSA-N","Completed","Organic compounds","Lipids and lipid-like molecules","Fatty Acyls","Fatty amides","Fatty amides"
"WFCLWJHOKCQYOQ-UHFFFAOYSA-N","Completed","Organic compounds","Organoheterocyclic compounds","Piperidines","Piperidinecarboxylic acids and derivatives","Piperidinecarboxylic acids"
"VLBPIWYTPAXCFJ-XMMPIXPASA-N","Completed","Organic compounds","Lipids and lipid-like molecules","Glycerophospholipids","Glycerophosphocholines","Monoalkylglycerophosphocholines"
"VFMMPHCGEFXGIP-UHFFFAOYSA-N","Completed","Organic compounds","Phenylpropanoids and polyketides","Flavonoids","Flavones","Flavones"
"ODKSFYDXXFIFQN-BYPYZUCNSA-N","Completed","Organic compounds","Organic acids and derivatives","Carboxylic acids and derivatives","Amino acids, peptides, and analogues","Amino acids and derivatives","Alpha amino acids and derivatives","Alpha amino acids","L-alpha-amino acids"
"IHBAVXVTGLANPI-QMMMGPOBSA-N","Completed","Organic compounds","Organic acids and derivatives","Carboxylic acids and derivatives","Amino acids, peptides, and analogues","Amino acids and derivatives","Alpha amino acids and derivatives","Valine and derivatives"
"MCORDGVZLPBVJB-UHFFFAOYSA-N","Completed","Organic compounds","Organic acids and derivatives","Carboxylic acids and derivatives","Carboxylic acids","Carboxylic acids"
"MUUDQLHCIAOWPR-UHFFFAOYSA-N","Completed","Organic compounds","Organoheterocyclic compounds","Pyridines and derivatives","Pyridinecarboxylic acids and derivatives","Pyridinecarboxylic acids"
"OROIAVZITJBGSM-OBXARNEKSA-N","Completed","Organic compounds","Nucleosides, nucleotides, and analogues","Purine nucleosides","Purine 3'-deoxyribonucleosides","Purine 3'-deoxyribonucleosides"
"HZYHBDVRCBDJJV-UHFFFAOYSA-N","Completed","Organic compounds","Organic acids and derivatives","Carboxylic acids and derivatives","Amino acids, peptides, and analogues","Peptides","Dipeptides"
"FVVCFHXLWDDRHG-KKNDGLDKSA-N","Completed","Organic compounds","Organic oxygen compounds","Organooxygen compounds","Carbohydrates and carbohydrate conjugates","Oligosaccharides"
"HTZINLFNXLXRBC-CQLBIITFSA-N","Completed","Organic compounds","Lipids and lipid-like molecules","Glycerophospholipids","Glycerophosphocholines","1Z-alkenylglycerophosphocholines","1-(1Z-alkenyl)-glycero-3-phosphocholines"
"KCTGBSZXRNRGOD-UHFFFAOYSA-N","Completed","Organic compounds","Organoheterocyclic compounds","Pyridines and derivatives","Phenylpyridines","Phenylpyridines"
"HPTJABJPZMULFH-UHFFFAOYSA-N","Completed","Organic compounds","Lipids and lipid-like molecules","Fatty Acyls","Fatty acids and conjugates","Medium-chain fatty acids"
"WOPKDKPJTJHLPB-OQLLNIDSSA-N","Completed","Organic compounds","Organoheterocyclic compounds","Benzopyrans","1-benzopyrans","Dibenzopyrans","Xanthenes","Xanthones"
"YBTCBQBIJKGSJP-BQBZGAKWSA-N","Completed","Organic compounds","Organic acids and derivatives","Carboxylic acids and derivatives","Amino acids, peptides, and analogues","Peptides","Dipeptides"
"GOLXRNDWAUTYKT-UHFFFAOYSA-N","Completed","Organic compounds","Organoheterocyclic compounds","Indoles and derivatives","Indolyl carboxylic acids and derivatives","Indolyl carboxylic acids and derivatives"
"LOAUVZALPPNFOQ-UHFFFAOYSA-N","Completed","Organic compounds","Organoheterocyclic compounds","Quinolines and derivatives","Quinoline carboxylic acids","Quinoline carboxylic acids"
"BQBCIBCLXBKYHW-CSMHCCOUSA-N","Completed","Organic compounds","Organic acids and derivatives","Carboxylic acids and derivatives","Amino acids, peptides, and analogues","Peptides","Dipeptides"
"POGLODLVBYOXAO-UHFFFAOYSA-N","Completed","Organic compounds","Organoheterocyclic compounds","Benzoxazines","Benzoxazinones","Benzoxazinones"
"XRHGYUZYPHTUJZ-UHFFFAOYSA-N","Completed","Organic compounds","Benzenoids","Benzene and substituted derivatives","Benzoic acids and derivatives","Halobenzoic acids and derivatives","Halobenzoic acids"
"OLJDCWYDXLXFJK-COKJDNMNSA-N","Completed","Organic compounds","Lipids and lipid-like molecules","Prenol lipids","Sesquiterpenoids","Germacrane sesquiterpenoids"
"FZXCPFJMYOQZCA-SCSAIBSYSA-N","Completed","Organic compounds","Organic acids and derivatives","Carboxylic acids and derivatives","Amino acids, peptides, and analogues","Amino acids and derivatives","Alpha amino acids and derivatives"
"DUHQIGLHYXLKAE-UHFFFAOYSA-N","Completed","Organic compounds","Lipids and lipid-like molecules","Fatty Acyls","Fatty acids and conjugates","Branched fatty acids","Methyl-branched fatty acids"
"QZLYZQUYIQGGOQ-UHFFFAOYSA-N","Completed","Organic compounds","Lipids and lipid-like molecules","Fatty Acyls","Fatty acids and conjugates","Long-chain fatty acids"
"PBAYDYUZOSNJGU-UHFFFAOYSA-N","Completed","Organic compounds","Organoheterocyclic compounds","Pyrans","Pyranones and derivatives","Pyranones and derivatives"
"VTAARTQTOOYTES-RGDLXGNYSA-N","Completed","Organic compounds","Organic acids and derivatives","Carboxylic acids and derivatives","Amino acids, peptides, and analogues","Amino acids and derivatives","Alpha amino acids and derivatives","Alpha amino acids","L-alpha-amino acids"
"FATBGEAMYMYZAF-KTKRTIGZSA-N","Completed","Organic compounds","Lipids and lipid-like molecules","Fatty Acyls","Fatty amides","Fatty amides"
"NDJKRLGXVKYIGQ-UHFFFAOYSA-N","Completed","Organic compounds","Organoheterocyclic compounds","Piperidines","","Piperidines"
"NANHIUZYPFDGJS-UHFFFAOYSA-N","Completed","Organic compounds","Benzenoids","Benzene and substituted derivatives","Benzenesulfonic acids and derivatives","Benzenesulfonic acids and derivatives"
"MDSUKZSLOATHMH-UHFFFAOYSA-N","Completed","Organic compounds","Organic acids and derivatives","Carboxylic acids and derivatives","Amino acids, peptides, and analogues","Peptides","Dipeptides"
"RUPBZQFQVRMKDG-UHFFFAOYSA-M","Completed","Organic compounds","Organic nitrogen compounds","Organonitrogen compounds","Quaternary ammonium salts","Tetraalkylammonium salts"
"KZNQNBZMBZJQJO-YFKPBYRVSA-N","Completed","Organic compounds","Organic acids and derivatives","Carboxylic acids and derivatives","Amino acids, peptides, and analogues","Peptides","Dipeptides"
"GIAZPLMMQOERPN-YUMQZZPRSA-N","Completed","Organic compounds","Organic acids and derivatives","Carboxylic acids and derivatives","Amino acids, peptides, and analogues","Peptides","Dipeptides"
"XXKFQTJOJZELMD-JICBSJGISA-N","Completed","Organic compounds","Lipids and lipid-like molecules","Glycerophospholipids","Glycerophosphocholines","Phosphatidylcholines"
"IDXZDKMBEXLFMB-HGNGGELXSA-N","Completed","Organic compounds","Organic acids and derivatives","Carboxylic acids and derivatives","Amino acids, peptides, and analogues","Peptides","Dipeptides"
"MFEVVAXTBZELLL-UHFFFAOYSA-N","Completed","Organic compounds","Organic acids and derivatives","Carboxylic acids and derivatives","Amino acids, peptides, and analogues","Peptides","Dipeptides"
"DVIKMLHVAWYDMS-UHFFFAOYSA-N","Completed","Organic compounds","Organoheterocyclic compounds","Pyrroles","Pyrrole carboxylic acids and derivatives","Pyrrole carboxylic acids","Pyrrole 2-carboxylic acids"
"LJCWONGJFPCTTL-SSDOTTSWSA-N","Completed","Organic compounds","Organic acids and derivatives","Carboxylic acids and derivatives","Amino acids, peptides, and analogues","Amino acids and derivatives","Alpha amino acids and derivatives","Alpha amino acids","D-alpha-amino acids"
"KFEDCUOAVSSAAS-UHFFFAOYSA-N","Completed","Organic compounds","Organoheterocyclic compounds","Benzimidazoles","Phenylbenzimidazoles","Phenylbenzimidazoles"
"AAWZDTNXLSGCEK-LNVDRNJUSA-N","Completed","Organic compounds","Organic oxygen compounds","Organooxygen compounds","Alcohols and polyols","Cyclic alcohols and derivatives","Cyclitols and derivatives","Quinic acids and derivatives"
"DRCKHKZYDLJYFQ-UHFFFAOYSA-N","Completed","Organic compounds","Organic acids and derivatives","Carboxylic acids and derivatives","Amino acids, peptides, and analogues","Peptides","Dipeptides"
"LGQKSQQRKHFMLI-WSNPFVOISA-N","Completed","Organic compounds","Organic oxygen compounds","Organooxygen compounds","Carbohydrates and carbohydrate conjugates","Glycosyl compounds","O-glycosyl compounds"
"SPJFYYJXNPEZDW-FTJOPAKQSA-N","Completed","Organic compounds","Lipids and lipid-like molecules","Glycerophospholipids","Glycerophosphocholines","Lysophosphatidylcholines","1-acyl-sn-glycero-3-phosphocholines"
"QMNXJNURJISYMS-UHFFFAOYSA-N","Completed","Organic compounds","Organic oxygen compounds","Organooxygen compounds","Carbonyl compounds","Ketones","Aryl ketones","Phenylketones","Alkyl-phenylketones"
"OWOFCNWTMWOOJJ-WDSKDSINSA-N","Completed","Organic compounds","Organic acids and derivatives","Carboxylic acids and derivatives","Amino acids, peptides, and analogues","Peptides","Dipeptides"
"GJNDXQBALKCYSZ-RYUDHWBXSA-N","Completed","Organic compounds","Organic acids and derivatives","Carboxylic acids and derivatives","Amino acids, peptides, and analogues","Peptides","Dipeptides"
"HJTVQHVGMGKONQ-LUZURFALSA-N","Completed","Organic compounds","Phenylpropanoids and polyketides","Diarylheptanoids","Linear diarylheptanoids","Curcuminoids"
"NYHBQMYGNKIUIF-UUOKFMHZSA-N","Completed","Organic compounds","Nucleosides, nucleotides, and analogues","Purine nucleosides","","Purine nucleosides"
"GCCFMSAXQJECNH-UHFFFAOYSA-N","Completed","Organic compounds","Organic nitrogen compounds","Organonitrogen compounds","Amines","Alkanolamines","1,2-aminoalcohols","N-acylethanolamines"
"MXXWOMGUGJBKIW-YPCIICBESA-N","Completed","Organic compounds","Alkaloids and derivatives","","","Alkaloids and derivatives"
"QJAPFSSVKIZTMR-UHFFFAOYSA-N","Completed","Organic compounds","Organic oxygen compounds","Organooxygen compounds","Carbonyl compounds","Ketones","Aryl ketones","Phenylketones","Alkyl-phenylketones"
"AKCIMWNRRUVYMQ-UHFFFAOYSA-N","Completed","Organic compounds","Organic acids and derivatives","Carboxylic acids and derivatives","Amino acids, peptides, and analogues","Amino acids and derivatives","Alpha amino acids and derivatives","Alpha amino acid esters"
"BSWHERGFUNMWGS-UHFFFAOYSA-N","Completed","Organic compounds","Organic acids and derivatives","Carboxylic acids and derivatives","Amino acids, peptides, and analogues","Peptides","Dipeptides"
"GXEKYRXVRROBEV-UHFFFAOYSA-N","Completed","Organic compounds","Organic acids and derivatives","Carboxylic acids and derivatives","Dicarboxylic acids and derivatives","Dicarboxylic acids and derivatives"
"SPAJGBOXQITFMS-UHFFFAOYSA-N","Completed","Organic compounds","Organoheterocyclic compounds","Diazines","Pyrimidines and pyrimidine derivatives","Hydroxypyrimidines"
"KZZUYHVLNLDKLB-KZCWKWOXSA-N","Completed","Organic compounds","Organic oxygen compounds","Organooxygen compounds","Carbohydrates and carbohydrate conjugates","Oligosaccharides"
"RQNSKRXMANOPQY-BQBZGAKWSA-N","Completed","Organic compounds","Organic acids and derivatives","Carboxylic acids and derivatives","Amino acids, peptides, and analogues","Peptides","Dipeptides"
"WKZHECFHXLTOLJ-QYKFWSDSSA-N","Completed","Organic compounds","Lipids and lipid-like molecules","Sphingolipids","Phosphosphingolipids","Phosphosphingolipids"
"SRBFZHDQGSBBOR-LECHCGJUSA-N","Completed","Organic compounds","Organic oxygen compounds","Organooxygen compounds","Carbohydrates and carbohydrate conjugates","Monosaccharides","Pentoses"
"YRQVMOOPIMHYOQ-UHFFFAOYSA-N","Completed","Organic compounds","Organic oxygen compounds","Organooxygen compounds","Carbonyl compounds","Ketones","Aryl ketones","Phenylketones","Alkyl-phenylketones"
"IJGXTTPJTDSRBO-UHFFFAOYSA-N","Completed","Organic compounds","Benzenoids","Phenols","Methoxyphenols","Methoxyphenols"
"OFCPMJGTZUVUSM-UHFFFAOYSA-N","Completed","Organic compounds","Lipids and lipid-like molecules","Fatty Acyls","Fatty acids and conjugates","Medium-chain fatty acids"
"RWKUXQNLWDTSLO-GWQJGLRPSA-N","Completed","Organic compounds","Lipids and lipid-like molecules","Sphingolipids","Phosphosphingolipids","Phosphosphingolipids"
"LYRFLYHAGKPMFH-UHFFFAOYSA-N","Completed","Organic compounds","Organic acids and derivatives","Carboximidic acids and derivatives","Carboximidic acids","Carboximidic acids"
"GUBGYTABKSRVRQ-QRZGKKJRSA-N","Completed","Organic compounds","Organic oxygen compounds","Organooxygen compounds","Carbohydrates and carbohydrate conjugates","Glycosyl compounds","O-glycosyl compounds"
"GLFDLEXFOHUASB-UHFFFAOYSA-N","Completed","Organic compounds","Organic nitrogen compounds","Organonitrogen compounds","Quaternary ammonium salts","Tetraalkylammonium salts"
"MAZWDMBCPDUFDJ-VQHVLOKHSA-N","Completed","Organic compounds","Lipids and lipid-like molecules","Fatty Acyls","Fatty acids and conjugates","Medium-chain fatty acids"