Name,Kingdom,Superclass,Class,Subclass,Parent Level 1,Parent Level 2,Parent Level 3,Parent Level 4,Parent Level 5,Parent Level 6
D-(?)-Quinic acid,Organic compounds,Organic oxygen compounds,Organooxygen compounds,Alcohols and polyols,Cyclic alcohols and derivatives,Cyclitols and derivatives,Quinic acids and derivatives,NA,NA,NA
Glucuronic acid,Organic compounds,Organic oxygen compounds,Organooxygen compounds,Carbohydrates and carbohydrate conjugates,Sugar acids and derivatives,Glucuronic acid derivatives,NA,NA,NA,NA
2-HYDROXYBUTYRIC ACID,Organic compounds,Organic acids and derivatives,Hydroxy acids and derivatives,Alpha hydroxy acids and derivatives,Alpha hydroxy acids and derivatives,NA,NA,NA,NA,NA
L-Isoleucine,Organic compounds,Organic acids and derivatives,Carboxylic acids and derivatives,"Amino acids, peptides, and analogues",Amino acids and derivatives,Alpha amino acids and derivatives,Isoleucine and derivatives,NA,NA,NA
ORNITHINE,Organic compounds,Organic acids and derivatives,Carboxylic acids and derivatives,"Amino acids, peptides, and analogues",Amino acids and derivatives,Alpha amino acids and derivatives,Alpha amino acids,D-alpha-amino acids,NA,NA
L-Leucyl-L-leucine methyl ester,Organic compounds,Organic acids and derivatives,Carboxylic acids and derivatives,"Amino acids, peptides, and analogues",Peptides,NA,NA,NA,NA,NA
1-(4-Bromophenyl)-2-(9H-purin-6-ylsulfanyl)ethanol,Organic compounds,Organoheterocyclic compounds,Imidazopyrimidines,Purines and purine derivatives,6-thiopurines,NA,NA,NA,NA,NA
2-[(2-Methoxy-2-oxoethyl)amino]benzoic acid,Organic compounds,Organic acids and derivatives,Carboxylic acids and derivatives,"Amino acids, peptides, and analogues",Amino acids and derivatives,Alpha amino acids and derivatives,Alpha amino acid esters,NA,NA,NA
Hypaphorine,Organic compounds,Organic acids and derivatives,Carboxylic acids and derivatives,"Amino acids, peptides, and analogues",Amino acids and derivatives,Alpha amino acids and derivatives,Alpha amino acids,L-alpha-amino acids,NA,NA
4-Hydroxy-6-methylnicotinic acid,Organic compounds,Organoheterocyclic compounds,Pyridines and derivatives,Pyridinecarboxylic acids and derivatives,Pyridinecarboxylic acids,NA,NA,NA,NA,NA
"2,3-Dihydroxy-2-methylbutanoic acid",Organic compounds,Lipids and lipid-like molecules,Fatty Acyls,Fatty acids and conjugates,Hydroxy fatty acids,NA,NA,NA,NA,NA
Tryptamine,Organic compounds,Organoheterocyclic compounds,Indoles and derivatives,Tryptamines and derivatives,Tryptamines and derivatives,NA,NA,NA,NA,NA
Resedine,Organic compounds,Organoheterocyclic compounds,Azolidines,Oxazolidines,Oxazolidinones,NA,NA,NA,NA,NA
Gln-Leu,Organic compounds,Organic acids and derivatives,Carboxylic acids and derivatives,"Amino acids, peptides, and analogues",Peptides,Dipeptides,NA,NA,NA,NA
1-Palmitoyl-sn-glycero-3-phosphocholine,Organic compounds,Lipids and lipid-like molecules,Glycerophospholipids,Glycerophosphocholines,Lysophosphatidylcholines,1-acyl-sn-glycero-3-phosphocholines,NA,NA,NA,NA
N-Acetyltyramine,Organic compounds,Benzenoids,Phenols,1-hydroxy-2-unsubstituted benzenoids,1-hydroxy-2-unsubstituted benzenoids,NA,NA,NA,NA,NA
(-)-Riboflavin,Organic compounds,Organoheterocyclic compounds,Pteridines and derivatives,Alloxazines and isoalloxazines,Flavins,NA,NA,NA,NA,NA
L-Threonine,Organic compounds,Organic acids and derivatives,Carboxylic acids and derivatives,"Amino acids, peptides, and analogues",Amino acids and derivatives,Alpha amino acids and derivatives,Alpha amino acids,L-alpha-amino acids,NA,NA
L-Allothreonine,Organic compounds,Organic acids and derivatives,Carboxylic acids and derivatives,"Amino acids, peptides, and analogues",Amino acids and derivatives,Alpha amino acids and derivatives,Alpha amino acids,L-alpha-amino acids,NA,NA
Leu-Ile,Organic compounds,Organic acids and derivatives,Carboxylic acids and derivatives,"Amino acids, peptides, and analogues",Peptides,Dipeptides,NA,NA,NA,NA
(+)-Dihydrocervone,Organic compounds,Lipids and lipid-like molecules,Prenol lipids,Monoterpenoids,Menthane monoterpenoids,NA,NA,NA,NA,NA
Ile-Pro,Organic compounds,Organic acids and derivatives,Carboxylic acids and derivatives,"Amino acids, peptides, and analogues",Peptides,Dipeptides,NA,NA,NA,NA
3-METHYL-2-OXINDOLE,Organic compounds,Organoheterocyclic compounds,Indoles and derivatives,Indolines,Indolines,NA,NA,NA,NA,NA
Ile-Ile,Organic compounds,Organic acids and derivatives,Carboxylic acids and derivatives,"Amino acids, peptides, and analogues",Peptides,Dipeptides,NA,NA,NA,NA
Ile-Val,Organic compounds,Organic acids and derivatives,Carboxylic acids and derivatives,"Amino acids, peptides, and analogues",Peptides,Dipeptides,NA,NA,NA,NA
Azelaic acid (Not validated),Organic compounds,Lipids and lipid-like molecules,Fatty Acyls,Fatty acids and conjugates,Medium-chain fatty acids,NA,NA,NA,NA,NA
Thr-Glu,Organic compounds,Organic acids and derivatives,Carboxylic acids and derivatives,"Amino acids, peptides, and analogues",Peptides,Dipeptides,NA,NA,NA,NA
Cholic Acid,Organic compounds,Lipids and lipid-like molecules,Steroids and steroid derivatives,"Bile acids, alcohols and derivatives","Hydroxy bile acids, alcohols and derivatives","Trihydroxy bile acids, alcohols and derivatives",NA,NA,NA,NA
2-ISOPROPYLMALIC ACID,Organic compounds,Lipids and lipid-like molecules,Fatty Acyls,Fatty acids and conjugates,Hydroxy fatty acids,NA,NA,NA,NA,NA
MALIC ACID,Organic compounds,Organic acids and derivatives,Hydroxy acids and derivatives,Beta hydroxy acids and derivatives,Beta hydroxy acids and derivatives,NA,NA,NA,NA,NA
4-Methyl-5-thiazoleethanol,Organic compounds,Organoheterocyclic compounds,Azoles,Thiazoles,"4,5-disubstituted thiazoles",NA,NA,NA,NA,NA
4-Nitroanisole,Organic compounds,Benzenoids,Benzene and substituted derivatives,Nitrobenzenes,Nitrophenyl ethers,NA,NA,NA,NA,NA
dihydroferulic acid,Organic compounds,Phenylpropanoids and polyketides,Phenylpropanoic acids,NA,Phenylpropanoic acids,NA,NA,NA,NA,NA
N-Oleoylethanolamine,Organic compounds,Organic nitrogen compounds,Organonitrogen compounds,Amines,Alkanolamines,"1,2-aminoalcohols",N-acylethanolamines,NA,NA,NA
3-(2-Nitro-1-propenyl)indole,Organic compounds,Organoheterocyclic compounds,Indoles and derivatives,Indoles,Indoles,NA,NA,NA,NA,NA
N-Isobutyl-3-methylbutanamide,Organic compounds,Lipids and lipid-like molecules,Fatty Acyls,Fatty amides,N-acyl amines,NA,NA,NA,NA,NA
Thr-Leu,Organic compounds,Organic acids and derivatives,Carboxylic acids and derivatives,"Amino acids, peptides, and analogues",Peptides,Dipeptides,NA,NA,NA,NA
3-Hydroxypicolinic acid,Organic compounds,Organoheterocyclic compounds,Pyridines and derivatives,Pyridinecarboxylic acids and derivatives,Pyridinecarboxylic acids,NA,NA,NA,NA,NA
L-Histidine,Organic compounds,Organic acids and derivatives,Carboxylic acids and derivatives,"Amino acids, peptides, and analogues",Amino acids and derivatives,Alpha amino acids and derivatives,Histidine and derivatives,NA,NA,NA
Asp-Ile,Organic compounds,Organic acids and derivatives,Carboxylic acids and derivatives,"Amino acids, peptides, and analogues",Peptides,Dipeptides,NA,NA,NA,NA
.gamma.-Aminobutyric acid,Organic compounds,Organic acids and derivatives,Carboxylic acids and derivatives,"Amino acids, peptides, and analogues",Amino acids and derivatives,Gamma amino acids and derivatives,NA,NA,NA,NA
Prohexadione,Organic compounds,Organic oxygen compounds,Organooxygen compounds,Carbonyl compounds,"1,3-dicarbonyl compounds",Beta-diketones,NA,NA,NA,NA
"N,N-Dibutyl-N'-(3-chloro-2-methylphenyl)urea",Organic compounds,Benzenoids,Benzene and substituted derivatives,N-phenylureas,N-phenylureas,NA,NA,NA,NA,NA
O6-MeG,Organic compounds,Organoheterocyclic compounds,Imidazopyrimidines,Purines and purine derivatives,Purinones,Hypoxanthines,NA,NA,NA,NA
2-(3-Hydroxyphenyl)propanoic acid,Organic compounds,Phenylpropanoids and polyketides,Phenylpropanoic acids,NA,Phenylpropanoic acids,NA,NA,NA,NA,NA
"1,3,7-TRIMETHYLURIC ACID",Organic compounds,Organoheterocyclic compounds,Imidazopyrimidines,Purines and purine derivatives,Xanthines,NA,NA,NA,NA,NA
N-Aceyl-L-tyrosine,Organic compounds,Organic acids and derivatives,Carboxylic acids and derivatives,"Amino acids, peptides, and analogues",Amino acids and derivatives,Alpha amino acids and derivatives,Tyrosine and derivatives,NA,NA,NA
N-Acetyl-D-phenylalanine,Organic compounds,Organic acids and derivatives,Carboxylic acids and derivatives,"Amino acids, peptides, and analogues",Amino acids and derivatives,Alpha amino acids and derivatives,Phenylalanine and derivatives,NA,NA,NA
"3,4-Dihydroxyphenylacetic acid",Organic compounds,Benzenoids,Phenols,Benzenediols,Catechols,NA,NA,NA,NA,NA
ASPARTIC ACID,Organic compounds,Organic acids and derivatives,Carboxylic acids and derivatives,"Amino acids, peptides, and analogues",Amino acids and derivatives,Alpha amino acids and derivatives,Aspartic acid and derivatives,NA,NA,NA
PHENYLALANINE,Organic compounds,Organic acids and derivatives,Carboxylic acids and derivatives,"Amino acids, peptides, and analogues",Amino acids and derivatives,Alpha amino acids and derivatives,Phenylalanine and derivatives,NA,NA,NA
Salicylic alcohol,Organic compounds,Benzenoids,Benzene and substituted derivatives,Benzyl alcohols,Benzyl alcohols,NA,NA,NA,NA,NA
"12,13-Dihydroxy-9Z-octadecenoic acid",Organic compounds,Lipids and lipid-like molecules,Fatty Acyls,Fatty acids and conjugates,Long-chain fatty acids,NA,NA,NA,NA,NA
D-(+)-Ribonic acid .gamma.-lactone,Organic compounds,Organic oxygen compounds,Organooxygen compounds,Carbohydrates and carbohydrate conjugates,Monosaccharides,Pentoses,NA,NA,NA,NA
3-Aminopyridine,Organic compounds,Organoheterocyclic compounds,Pyridines and derivatives,Aminopyridines and derivatives,Aminopyridines and derivatives,NA,NA,NA,NA,NA
12-Ketodeoxycholic acid,Organic compounds,Lipids and lipid-like molecules,Steroids and steroid derivatives,"Bile acids, alcohols and derivatives","Hydroxy bile acids, alcohols and derivatives","Monohydroxy bile acids, alcohols and derivatives",NA,NA,NA,NA
CREATINE,Organic compounds,Organic acids and derivatives,Carboxylic acids and derivatives,"Amino acids, peptides, and analogues",Amino acids and derivatives,Alpha amino acids and derivatives,NA,NA,NA,NA
Sebacic acid,Organic compounds,Lipids and lipid-like molecules,Fatty Acyls,Fatty acids and conjugates,Medium-chain fatty acids,NA,NA,NA,NA,NA
CREATININE,Organic compounds,Organic acids and derivatives,Carboxylic acids and derivatives,"Amino acids, peptides, and analogues",Amino acids and derivatives,Alpha amino acids and derivatives,NA,NA,NA,NA
Gly-Leu,Organic compounds,Organic acids and derivatives,Carboxylic acids and derivatives,"Amino acids, peptides, and analogues",Peptides,NA,NA,NA,NA,NA
Ile-Thr,Organic compounds,Organic acids and derivatives,Carboxylic acids and derivatives,"Amino acids, peptides, and analogues",Peptides,Dipeptides,NA,NA,NA,NA
Phenylacetaldehyde,Organic compounds,Benzenoids,Benzene and substituted derivatives,Phenylacetaldehydes,Phenylacetaldehydes,NA,NA,NA,NA,NA
"4,6-Dihydroxypyrimidine",Organic compounds,Organoheterocyclic compounds,Diazines,Pyrimidines and pyrimidine derivatives,Hydroxypyrimidines,NA,NA,NA,NA,NA
"3,3-Dimethylglutaric acid",Organic compounds,Lipids and lipid-like molecules,Fatty Acyls,Fatty acids and conjugates,Branched fatty acids,Methyl-branched fatty acids,NA,NA,NA,NA
5-Hydroxyindole-3-acetic acid,Organic compounds,Organoheterocyclic compounds,Indoles and derivatives,Indolyl carboxylic acids and derivatives,Indole-3-acetic acid derivatives,NA,NA,NA,NA,NA
"3-Methylpyrrole-2,4-dicarboxylic Acid",Organic compounds,Organoheterocyclic compounds,Pyrroles,Pyrrole carboxylic acids and derivatives,Pyrrole carboxylic acids,Pyrrole 2-carboxylic acids,NA,NA,NA,NA
Methyl 2-[(2-hydroxy-3-methylbutanoyl)amino]-3-methylbutanoate,Organic compounds,Organic acids and derivatives,Carboxylic acids and derivatives,"Amino acids, peptides, and analogues",Amino acids and derivatives,Alpha amino acids and derivatives,N-acyl-alpha amino acids and derivatives,NA,NA,NA
Tyramine,Organic compounds,Benzenoids,Benzene and substituted derivatives,Phenethylamines,Phenethylamines,NA,NA,NA,NA,NA
N-Acetyl-D-tryptophan,Organic compounds,Organic acids and derivatives,Carboxylic acids and derivatives,"Amino acids, peptides, and analogues",Amino acids and derivatives,Alpha amino acids and derivatives,N-acyl-alpha amino acids and derivatives,N-acyl-alpha amino acids,NA,NA
Oleamide,Organic compounds,Lipids and lipid-like molecules,Fatty Acyls,Fatty amides,Fatty amides,NA,NA,NA,NA,NA
XANTHURENIC ACID,Organic compounds,Organoheterocyclic compounds,Quinolines and derivatives,Quinoline carboxylic acids,Quinoline carboxylic acids,NA,NA,NA,NA,NA
Hypoxanthine,Organic compounds,Organoheterocyclic compounds,Imidazopyrimidines,Purines and purine derivatives,Purinones,Hypoxanthines,NA,NA,NA,NA
Hamamelitannin,Organic compounds,Benzenoids,Benzene and substituted derivatives,Benzoic acids and derivatives,Hydroxybenzoic acid derivatives,Gallic acid and derivatives,Galloyl esters,NA,NA,NA
METHIONINE,Organic compounds,Organic acids and derivatives,Carboxylic acids and derivatives,"Amino acids, peptides, and analogues",Amino acids and derivatives,Alpha amino acids and derivatives,Methionine and derivatives,NA,NA,NA
2-Oxohexanedioic acid,Organic compounds,Organic acids and derivatives,Keto acids and derivatives,Medium-chain keto acids and derivatives,Medium-chain keto acids and derivatives,NA,NA,NA,NA,NA
Picolinic acid N-oxide,Organic compounds,Organoheterocyclic compounds,Pyridines and derivatives,Pyridinecarboxylic acids and derivatives,Pyridinecarboxylic acids,NA,NA,NA,NA,NA
4-HYDROXYBENZOIC ACID,Organic compounds,Benzenoids,Benzene and substituted derivatives,Benzoic acids and derivatives,Hydroxybenzoic acid derivatives,NA,NA,NA,NA,NA
1-Hexadecylamine,Organic compounds,Organic nitrogen compounds,Organonitrogen compounds,Amines,Primary amines,Monoalkylamines,NA,NA,NA,NA
Stearoyl-L-carnitine,Organic compounds,Lipids and lipid-like molecules,Fatty Acyls,Fatty acid esters,Acyl carnitines,NA,NA,NA,NA,NA
2-Hydroxy-3-isopropyl-6-methylbenzoic acid,Organic compounds,Lipids and lipid-like molecules,Prenol lipids,Monoterpenoids,Aromatic monoterpenoids,NA,NA,NA,NA,NA
"3,5-Difluoro-4-formylbenzoic acid",Organic compounds,Benzenoids,Benzene and substituted derivatives,Benzoic acids and derivatives,Halobenzoic acids and derivatives,Halobenzoic acids,NA,NA,NA,NA
SARCOSINE,Organic compounds,Organic acids and derivatives,Carboxylic acids and derivatives,"Amino acids, peptides, and analogues",Amino acids and derivatives,Alpha amino acids and derivatives,Alpha amino acids,NA,NA,NA
2-Aminoisobutyric acid,Organic compounds,Organic acids and derivatives,Carboxylic acids and derivatives,"Amino acids, peptides, and analogues",Amino acids and derivatives,Alpha amino acids and derivatives,Alpha amino acids,NA,NA,NA
3-Hydroxyphenylacetic acid,Organic compounds,Benzenoids,Phenols,1-hydroxy-4-unsubstituted benzenoids,1-hydroxy-4-unsubstituted benzenoids,NA,NA,NA,NA,NA
Erlose,Organic compounds,Organic oxygen compounds,Organooxygen compounds,Carbohydrates and carbohydrate conjugates,Oligosaccharides,NA,NA,NA,NA,NA
Acetylaniline,Organic compounds,Benzenoids,Benzene and substituted derivatives,NA,Benzene and substituted derivatives,NA,NA,NA,NA,NA
(2R)-6-Oxo-2-piperidinecarboxylic acid,Organic compounds,Organic acids and derivatives,Carboxylic acids and derivatives,"Amino acids, peptides, and analogues",Amino acids and derivatives,Alpha amino acids and derivatives,NA,NA,NA,NA
Heptadecanoyl Ethanolamide,Organic compounds,Organic nitrogen compounds,Organonitrogen compounds,Amines,Alkanolamines,"1,2-aminoalcohols",N-acylethanolamines,NA,NA,NA
Adenine,Organic compounds,Organoheterocyclic compounds,Imidazopyrimidines,Purines and purine derivatives,6-aminopurines,NA,NA,NA,NA,NA
D-pantothenic acid,Organic compounds,Organic oxygen compounds,Organooxygen compounds,Alcohols and polyols,Secondary alcohols,NA,NA,NA,NA,NA
pantothenic acid,Organic compounds,Organic oxygen compounds,Organooxygen compounds,Alcohols and polyols,Secondary alcohols,NA,NA,NA,NA,NA
Val-Pro,Organic compounds,Organic acids and derivatives,Carboxylic acids and derivatives,"Amino acids, peptides, and analogues",Peptides,Dipeptides,NA,NA,NA,NA
Val-Phe,Organic compounds,Organic acids and derivatives,Carboxylic acids and derivatives,"Amino acids, peptides, and analogues",Peptides,Dipeptides,NA,NA,NA,NA
Pro-Asp,Organic compounds,Organic acids and derivatives,Carboxylic acids and derivatives,"Amino acids, peptides, and analogues",Peptides,Dipeptides,NA,NA,NA,NA
Tetradonium cation,Organic compounds,Organic nitrogen compounds,Organonitrogen compounds,Quaternary ammonium salts,Tetraalkylammonium salts,NA,NA,NA,NA,NA
Sarsasapogenin,Organic compounds,Lipids and lipid-like molecules,Prenol lipids,Triterpenoids,Triterpenoids,NA,NA,NA,NA,NA
2-(1H-Pyrrol-1-yl)benzoic acid,Organic compounds,Organoheterocyclic compounds,Pyrroles,Substituted pyrroles,Phenylpyrroles,NA,NA,NA,NA,NA
indole-3-propionic acid,Organic compounds,Organoheterocyclic compounds,Indoles and derivatives,Indolyl carboxylic acids and derivatives,Indolyl carboxylic acids and derivatives,NA,NA,NA,NA,NA
"1,2-Dipalmitoleoyl-sn-glycero-3-phosphocholine",Organic compounds,Lipids and lipid-like molecules,Glycerophospholipids,Glycerophosphocholines,Phosphatidylcholines,NA,NA,NA,NA,NA
3-Hydroxypyridine,Organic compounds,Organoheterocyclic compounds,Pyridines and derivatives,Hydroxypyridines,Hydroxypyridines,NA,NA,NA,NA,NA
trans-Aconitic acid,Organic compounds,Organic acids and derivatives,Carboxylic acids and derivatives,Tricarboxylic acids and derivatives,Tricarboxylic acids and derivatives,NA,NA,NA,NA,NA
D-(+)-Cellobiose,Organic compounds,Organic oxygen compounds,Organooxygen compounds,Carbohydrates and carbohydrate conjugates,Glycosyl compounds,O-glycosyl compounds,NA,NA,NA,NA
Maltose,Organic compounds,Organic oxygen compounds,Organooxygen compounds,Carbohydrates and carbohydrate conjugates,Glycosyl compounds,O-glycosyl compounds,NA,NA,NA,NA
N1-Acetylspermidine,Organic compounds,Organic acids and derivatives,Carboxylic acids and derivatives,Carboxylic acid derivatives,Carboxylic acid amides,Acetamides,NA,NA,NA,NA
Val-Thr,Organic compounds,Organic acids and derivatives,Carboxylic acids and derivatives,"Amino acids, peptides, and analogues",Peptides,Dipeptides,NA,NA,NA,NA
Endothal,Organic compounds,Organic acids and derivatives,Carboxylic acids and derivatives,Dicarboxylic acids and derivatives,Dicarboxylic acids and derivatives,NA,NA,NA,NA,NA
Cyclohexanesulfamic acid,Organic compounds,Organic acids and derivatives,Sulfamic acid derivatives,Cyclamates,Cyclamates,NA,NA,NA,NA,NA
Kynurenic acid,Organic compounds,Organoheterocyclic compounds,Quinolines and derivatives,Quinoline carboxylic acids,Quinoline carboxylic acids,NA,NA,NA,NA,NA
"Quinoline-2,4-diol",Organic compounds,Organoheterocyclic compounds,Quinolines and derivatives,Quinolones and derivatives,Hydroxyquinolones,NA,NA,NA,NA,NA
Isovalerophenone,Organic compounds,Organic oxygen compounds,Organooxygen compounds,Carbonyl compounds,Ketones,Aryl ketones,Phenylketones,Alkyl-phenylketones,NA,NA
4-Oxododecanedioic acid,Organic compounds,Organic acids and derivatives,Keto acids and derivatives,Medium-chain keto acids and derivatives,Medium-chain keto acids and derivatives,NA,NA,NA,NA,NA
2.alpha.-Mannobiose,Organic compounds,Organic oxygen compounds,Organooxygen compounds,Carbohydrates and carbohydrate conjugates,Glycosyl compounds,O-glycosyl compounds,NA,NA,NA,NA
Demethoxycurcumin,Organic compounds,Phenylpropanoids and polyketides,Diarylheptanoids,Linear diarylheptanoids,Curcuminoids,NA,NA,NA,NA,NA
C16 Lactosyl Ceramide (d18:1/16:0),Organic compounds,Lipids and lipid-like molecules,Sphingolipids,Glycosphingolipids,Neutral glycosphingolipids,Simple glycosylceramides,Glycosyl-N-acylsphingosines,NA,NA,NA
"Dodecanoic acid, 12-[[(cyclohexylamino)carbonyl]amino]-",Organic compounds,Lipids and lipid-like molecules,Fatty Acyls,Fatty acids and conjugates,Medium-chain fatty acids,NA,NA,NA,NA,NA
Tetradecanedioic acid,Organic compounds,Lipids and lipid-like molecules,Fatty Acyls,Fatty acids and conjugates,Long-chain fatty acids,NA,NA,NA,NA,NA
Leu-ala,Organic compounds,Organic acids and derivatives,Carboxylic acids and derivatives,"Amino acids, peptides, and analogues",Peptides,NA,NA,NA,NA,NA
Val-Ala,Organic compounds,Organic acids and derivatives,Carboxylic acids and derivatives,"Amino acids, peptides, and analogues",Peptides,Dipeptides,NA,NA,NA,NA
1-(1Z-Hexadecenyl)-sn-glycero-3-phosphocholine,Organic compounds,Lipids and lipid-like molecules,Glycerophospholipids,Glycerophosphocholines,1Z-alkenylglycerophosphocholines,1-(1Z-alkenyl)-glycero-3-phosphocholines,NA,NA,NA,NA
1-O-Hexadecyl-2-O-acetyl-sn-glyceryl-3-phosphorylcholine,Organic compounds,Lipids and lipid-like molecules,Glycerophospholipids,Glycerophosphocholines,"1-alkyl,2-acylglycero-3-phosphocholines","1-alkyl,2-acetylglycero-3-phosphocholines",NA,NA,NA,NA
Enterolactone,Organic compounds,"Lignans, neolignans and related compounds",Furanoid lignans,Tetrahydrofuran lignans,"9,9'-epoxylignans",Dibenzylbutyrolactone lignans,NA,NA,NA,NA
Phe-Asp,Organic compounds,Organic acids and derivatives,Carboxylic acids and derivatives,"Amino acids, peptides, and analogues",Peptides,Dipeptides,NA,NA,NA,NA
DL-alpha-Hydroxyglutaric acid,Organic compounds,Organic acids and derivatives,Hydroxy acids and derivatives,Short-chain hydroxy acids and derivatives,Short-chain hydroxy acids and derivatives,NA,NA,NA,NA,NA
4-Pyridoxic acid,Organic compounds,Organoheterocyclic compounds,Pyridines and derivatives,Pyridinecarboxylic acids and derivatives,Pyridinecarboxylic acids,NA,NA,NA,NA,NA
D-Pipecolinic acid,Organic compounds,Organic acids and derivatives,Carboxylic acids and derivatives,"Amino acids, peptides, and analogues",Amino acids and derivatives,Alpha amino acids and derivatives,Alpha amino acids,D-alpha-amino acids,NA,NA
p-Hydroxyphenyllactic acid,Organic compounds,Benzenoids,Phenols,1-hydroxy-2-unsubstituted benzenoids,1-hydroxy-2-unsubstituted benzenoids,NA,NA,NA,NA,NA
ALPHA-GLUCOSE 1-PHOSPHATE,Organic compounds,Organic oxygen compounds,Organooxygen compounds,Carbohydrates and carbohydrate conjugates,Monosaccharides,Monosaccharide phosphates,NA,NA,NA,NA
Palmitoyl ethanolamide,Organic compounds,Organic acids and derivatives,Carboximidic acids and derivatives,Carboximidic acids,Carboximidic acids,NA,NA,NA,NA,NA
Asn-Ile,Organic compounds,Organic acids and derivatives,Carboxylic acids and derivatives,"Amino acids, peptides, and analogues",Peptides,Dipeptides,NA,NA,NA,NA
His-Ile,Organic compounds,Organic acids and derivatives,Carboxylic acids and derivatives,"Amino acids, peptides, and analogues",Peptides,Dipeptides,NA,NA,NA,NA
Phe-Val,Organic compounds,Organic acids and derivatives,Carboxylic acids and derivatives,"Amino acids, peptides, and analogues",Peptides,Dipeptides,NA,NA,NA,NA
(2S)-2-Amino-3-methyl-1-(pyrrolidin-1-yl)butan-1-one,Organic compounds,Organic acids and derivatives,Carboxylic acids and derivatives,"Amino acids, peptides, and analogues",Amino acids and derivatives,Alpha amino acids and derivatives,Valine and derivatives,NA,NA,NA
1-Stearoyl-2-hydroxy-sn-glycero-3-phosphocholine,Organic compounds,Lipids and lipid-like molecules,Glycerophospholipids,Glycerophosphocholines,Lysophosphatidylcholines,1-acyl-sn-glycero-3-phosphocholines,NA,NA,NA,NA
N-Acetyl-DL-valine,Organic compounds,Organic acids and derivatives,Carboxylic acids and derivatives,"Amino acids, peptides, and analogues",Amino acids and derivatives,Alpha amino acids and derivatives,N-acyl-alpha amino acids and derivatives,N-acyl-alpha amino acids,NA,NA
Hexaethylene glycol,Organic compounds,Organic oxygen compounds,Organooxygen compounds,Ethers,Dialkyl ethers,Polyethylene glycols,NA,NA,NA,NA
Diisooctyl phthalate,Organic compounds,Benzenoids,Benzene and substituted derivatives,Benzoic acids and derivatives,Benzoic acid esters,NA,NA,NA,NA,NA
3-Allyl-4-hydroxy-5-methoxybenzaldehyde,Organic compounds,Benzenoids,Phenols,Methoxyphenols,Methoxyphenols,NA,NA,NA,NA,NA
Ser-Val,Organic compounds,Organic acids and derivatives,Carboxylic acids and derivatives,"Amino acids, peptides, and analogues",Peptides,Dipeptides,NA,NA,NA,NA
Val-Gly,Organic compounds,Organic acids and derivatives,Carboxylic acids and derivatives,"Amino acids, peptides, and analogues",Peptides,Dipeptides,NA,NA,NA,NA
Oleoyl-L-Carnitine,Organic compounds,Lipids and lipid-like molecules,Fatty Acyls,Fatty acid esters,Acyl carnitines,NA,NA,NA,NA,NA
URACIL,Organic compounds,Organoheterocyclic compounds,Diazines,Pyrimidines and pyrimidine derivatives,Pyrimidones,NA,NA,NA,NA,NA
Indole-3-carbinol,Organic compounds,Organoheterocyclic compounds,Indoles and derivatives,Indoles,3-alkylindoles,NA,NA,NA,NA,NA
5-Keto-D-gluconic acid,Organic compounds,Organic acids and derivatives,Hydroxy acids and derivatives,Medium-chain hydroxy acids and derivatives,Medium-chain hydroxy acids and derivatives,NA,NA,NA,NA,NA
Tropic acid,Organic compounds,Organic acids and derivatives,Hydroxy acids and derivatives,Beta hydroxy acids and derivatives,Beta hydroxy acids and derivatives,NA,NA,NA,NA,NA
Demissidine,Organic compounds,Lipids and lipid-like molecules,Steroids and steroid derivatives,Steroidal alkaloids,Solanidines and derivatives,NA,NA,NA,NA,NA
Gly-Phe,Organic compounds,Organic acids and derivatives,Carboxylic acids and derivatives,"Amino acids, peptides, and analogues",Peptides,NA,NA,NA,NA,NA
GLUTARIC ACID,Organic compounds,Organic acids and derivatives,Carboxylic acids and derivatives,Dicarboxylic acids and derivatives,Dicarboxylic acids and derivatives,NA,NA,NA,NA,NA
PHENYLACETYL-GLUTAMINE,Organic compounds,Organic acids and derivatives,Carboxylic acids and derivatives,"Amino acids, peptides, and analogues",Amino acids and derivatives,Alpha amino acids and derivatives,N-acyl-alpha amino acids and derivatives,N-acyl-alpha amino acids,NA,NA
(2-Oxo-1-pyrrolidinyl)acetic acid,Organic compounds,Organic acids and derivatives,Carboxylic acids and derivatives,"Amino acids, peptides, and analogues",Amino acids and derivatives,Alpha amino acids and derivatives,NA,NA,NA,NA
DEOXYCARNITINE,Organic compounds,Lipids and lipid-like molecules,Fatty Acyls,Fatty acids and conjugates,Straight chain fatty acids,NA,NA,NA,NA,NA
5-Aminovaleric acid,Organic compounds,Organic acids and derivatives,Carboxylic acids and derivatives,"Amino acids, peptides, and analogues",Amino acids and derivatives,Delta amino acids and derivatives,NA,NA,NA,NA
m-Toluidine,Organic compounds,Benzenoids,Benzene and substituted derivatives,Toluenes,Aminotoluenes,NA,NA,NA,NA,NA
"N-(2,3-Dimethylphenyl)-3-oxobutanamide",Organic compounds,Benzenoids,Benzene and substituted derivatives,Anilides,Anilides,NA,NA,NA,NA,NA
"N,N-Dimethylaniline",Organic compounds,Organic nitrogen compounds,Organonitrogen compounds,Amines,Tertiary amines,Tertiary alkylarylamines,Dialkylarylamines,NA,NA,NA
Pentadecylamine,Organic compounds,Organic nitrogen compounds,Organonitrogen compounds,Amines,Primary amines,Monoalkylamines,NA,NA,NA,NA
4-Formyl-2-hydroxybenzoic acid,Organic compounds,Benzenoids,Benzene and substituted derivatives,Benzoic acids and derivatives,Hydroxybenzoic acid derivatives,Salicylic acid and derivatives,Salicylic acids,NA,NA,NA
DL-2-Hydroxyvaleric acid sodium salt hydrate,Organic compounds,Lipids and lipid-like molecules,Fatty Acyls,Fatty acids and conjugates,Hydroxy fatty acids,NA,NA,NA,NA,NA
LACTIC ACID,Organic compounds,Organic acids and derivatives,Hydroxy acids and derivatives,Alpha hydroxy acids and derivatives,Alpha hydroxy acids and derivatives,NA,NA,NA,NA,NA
Phe-Ile,Organic compounds,Organic acids and derivatives,Carboxylic acids and derivatives,"Amino acids, peptides, and analogues",Peptides,Dipeptides,NA,NA,NA,NA
"1,3-Dihydro-(2H)-indol-2-one",Organic compounds,Organoheterocyclic compounds,Indoles and derivatives,Indolines,Indolines,NA,NA,NA,NA,NA
"2,2'-(2-Hydroxyethylazanediyl)diacetic acid",Organic compounds,Organic acids and derivatives,Carboxylic acids and derivatives,"Amino acids, peptides, and analogues",Amino acids and derivatives,Alpha amino acids and derivatives,Alpha amino acids,NA,NA,NA
"6-Phenyl-1-(4-pyridinylmethyl)-1H-pyrazolo[3,4-b]pyridine-4-carboxylic acid",Organic compounds,Organoheterocyclic compounds,Pyridines and derivatives,Phenylpyridines,Phenylpyridines,NA,NA,NA,NA,NA
Ethylenediaminetetraacetic acid,Organic compounds,Organic acids and derivatives,Carboxylic acids and derivatives,Tetracarboxylic acids and derivatives,Tetracarboxylic acids and derivatives,NA,NA,NA,NA,NA
Lysine,Organic compounds,Organic acids and derivatives,Carboxylic acids and derivatives,"Amino acids, peptides, and analogues",Amino acids and derivatives,Alpha amino acids and derivatives,Alpha amino acids,L-alpha-amino acids,NA,NA
Succinic acid,Organic compounds,Organic acids and derivatives,Carboxylic acids and derivatives,Dicarboxylic acids and derivatives,Dicarboxylic acids and derivatives,NA,NA,NA,NA,NA
2-(4-Chlorophenyl)-1H-benzimidazole-5-carboxylic acid,Organic compounds,Organoheterocyclic compounds,Benzimidazoles,Phenylbenzimidazoles,Phenylbenzimidazoles,NA,NA,NA,NA,NA
Putrescine,Organic compounds,Organic nitrogen compounds,Organonitrogen compounds,Amines,Primary amines,Monoalkylamines,NA,NA,NA,NA
2-Hydroxystearate,Organic compounds,Lipids and lipid-like molecules,Fatty Acyls,Fatty acids and conjugates,Long-chain fatty acids,NA,NA,NA,NA,NA
1-Oleoyl-2-myristoyl-sn-glycero-3-phosphocholine,Organic compounds,Lipids and lipid-like molecules,Glycerophospholipids,Glycerophosphocholines,Phosphatidylcholines,NA,NA,NA,NA,NA
3-HYDROXYCINNAMIC ACID,Organic compounds,Phenylpropanoids and polyketides,Cinnamic acids and derivatives,Hydroxycinnamic acids and derivatives,Hydroxycinnamic acids,NA,NA,NA,NA,NA
2-Aminonicotinic acid,Organic compounds,Organoheterocyclic compounds,Pyridines and derivatives,Pyridinecarboxylic acids and derivatives,Pyridinecarboxylic acids,NA,NA,NA,NA,NA
TRICARBALLYLIC ACID,Organic compounds,Organic acids and derivatives,Carboxylic acids and derivatives,Tricarboxylic acids and derivatives,Tricarboxylic acids and derivatives,NA,NA,NA,NA,NA
Citric acid,Organic compounds,Organic acids and derivatives,Carboxylic acids and derivatives,Tricarboxylic acids and derivatives,Tricarboxylic acids and derivatives,NA,NA,NA,NA,NA
Val-Val,Organic compounds,Organic acids and derivatives,Carboxylic acids and derivatives,"Amino acids, peptides, and analogues",Peptides,NA,NA,NA,NA,NA
Ile-Glu,Organic compounds,Organic acids and derivatives,Carboxylic acids and derivatives,"Amino acids, peptides, and analogues",Peptides,Dipeptides,NA,NA,NA,NA
BETAINE,Organic compounds,Organic acids and derivatives,Carboxylic acids and derivatives,"Amino acids, peptides, and analogues",Amino acids and derivatives,Alpha amino acids and derivatives,Alpha amino acids,NA,NA,NA
Deoxycholic acid,Organic compounds,Lipids and lipid-like molecules,Steroids and steroid derivatives,"Bile acids, alcohols and derivatives","Hydroxy bile acids, alcohols and derivatives","Dihydroxy bile acids, alcohols and derivatives",NA,NA,NA,NA
Glycyl-L-proline,Organic compounds,Organic acids and derivatives,Carboxylic acids and derivatives,"Amino acids, peptides, and analogues",Peptides,Dipeptides,NA,NA,NA,NA
3'-Galactosyllactose,Organic compounds,Organic oxygen compounds,Organooxygen compounds,Carbohydrates and carbohydrate conjugates,Oligosaccharides,NA,NA,NA,NA,NA
URATE,Organic compounds,Organoheterocyclic compounds,Imidazopyrimidines,Purines and purine derivatives,Xanthines,NA,NA,NA,NA,NA
"1,5-Isoquinolinediol",Organic compounds,Organoheterocyclic compounds,Isoquinolines and derivatives,NA,Isoquinolines and derivatives,NA,NA,NA,NA,NA
"1,4-D-Xylobiose",Organic compounds,Organic oxygen compounds,Organooxygen compounds,Carbohydrates and carbohydrate conjugates,Glycosyl compounds,O-glycosyl compounds,NA,NA,NA,NA
Ala-Val,Organic compounds,Organic acids and derivatives,Carboxylic acids and derivatives,"Amino acids, peptides, and analogues",Peptides,NA,NA,NA,NA,NA
"1,2-Dipentadecanoyl-sn-glycero-3-phosphocholine",Organic compounds,Lipids and lipid-like molecules,Glycerophospholipids,Glycerophosphocholines,Phosphatidylcholines,NA,NA,NA,NA,NA
(2R)-Amino(4-hydroxyphenyl)ethanoic acid,Organic compounds,Organic acids and derivatives,Carboxylic acids and derivatives,"Amino acids, peptides, and analogues",Amino acids and derivatives,Alpha amino acids and derivatives,Alpha amino acids,D-alpha-amino acids,NA,NA
5-Hydroxyindole,Organic compounds,Organoheterocyclic compounds,Indoles and derivatives,Hydroxyindoles,Hydroxyindoles,NA,NA,NA,NA,NA
Gallic acid,Organic compounds,Benzenoids,Benzene and substituted derivatives,Benzoic acids and derivatives,Hydroxybenzoic acid derivatives,Gallic acid and derivatives,Gallic acids,NA,NA,NA
Quinoline-2-carboxylic acid,Organic compounds,Organoheterocyclic compounds,Quinolines and derivatives,Quinoline carboxylic acids,Quinoline carboxylic acids,NA,NA,NA,NA,NA
Urocanic acid,Organic compounds,Organoheterocyclic compounds,Azoles,Imidazoles,Substituted imidazoles,Imidazolyl carboxylic acids and derivatives,NA,NA,NA,NA
UROCANATE,NA,NA,NA,NA,NA,NA,NA,NA,NA,NA
Selfotel,Organic compounds,Organic acids and derivatives,Carboxylic acids and derivatives,"Amino acids, peptides, and analogues",Amino acids and derivatives,Alpha amino acids and derivatives,Alpha amino acids,L-alpha-amino acids,NA,NA
XANTHINE,Organic compounds,Organoheterocyclic compounds,Imidazopyrimidines,Purines and purine derivatives,Xanthines,NA,NA,NA,NA,NA
"3-Hydroxy-2-((9Z,12Z)-octadeca-9,12-dienoyloxy)propyl 2-(trimethylazaniumyl)ethyl phosphate",Organic compounds,Lipids and lipid-like molecules,Glycerophospholipids,Glycerophosphocholines,Lysophosphatidylcholines,2-acyl-sn-glycero-3-phosphocholines,NA,NA,NA,NA
(S)-(alpha)-2-Hydroxyisocaproic acid,Organic compounds,Lipids and lipid-like molecules,Fatty Acyls,Fatty acids and conjugates,Hydroxy fatty acids,NA,NA,NA,NA,NA
Undecanedioic acid,Organic compounds,Lipids and lipid-like molecules,Fatty Acyls,Fatty acids and conjugates,Medium-chain fatty acids,NA,NA,NA,NA,NA
PYRIDOXINE,Organic compounds,Organoheterocyclic compounds,Pyridines and derivatives,Pyridoxines,Pyridoxines,NA,NA,NA,NA,NA
"(2,5-Dioxotetrahydrofuran-3-yl)acetic acid",Organic compounds,Organic acids and derivatives,Carboxylic acids and derivatives,Tricarboxylic acids and derivatives,Tricarboxylic acids and derivatives,NA,NA,NA,NA,NA
Stearamide,Organic compounds,Organic acids and derivatives,Carboximidic acids and derivatives,Carboximidic acids,Carboximidic acids,NA,NA,NA,NA,NA
"3-Hydroxy-5-methyl-3-[2-oxo-2-(2-pyridinyl)ethyl]-1,3-dihydro-2H-indol-2-one",Organic compounds,Organoheterocyclic compounds,Indoles and derivatives,Indolines,Indolines,NA,NA,NA,NA,NA
Decanoylcarnitine,Organic compounds,Lipids and lipid-like molecules,Fatty Acyls,Fatty acid esters,Acyl carnitines,NA,NA,NA,NA,NA
Ser-Tyr,Organic compounds,Organic acids and derivatives,Carboxylic acids and derivatives,"Amino acids, peptides, and analogues",Peptides,Dipeptides,NA,NA,NA,NA
Traumatic Acid,NA,NA,NA,NA,NA,NA,NA,NA,NA,NA
2-(2-Butoxyethoxy)acetic acid,Organic compounds,Organic acids and derivatives,Carboxylic acids and derivatives,Carboxylic acids,Carboxylic acids,NA,NA,NA,NA,NA
DL-Leu-DL-Val,Organic compounds,Organic acids and derivatives,Carboxylic acids and derivatives,"Amino acids, peptides, and analogues",Peptides,Dipeptides,NA,NA,NA,NA
Tyr-Thr,Organic compounds,Organic acids and derivatives,Carboxylic acids and derivatives,"Amino acids, peptides, and analogues",Peptides,Dipeptides,NA,NA,NA,NA
Aminomethylphosphonic acid,Organic compounds,Organic acids and derivatives,Organic phosphonic acids and derivatives,Organic phosphonic acids,Organic phosphonic acids,NA,NA,NA,NA,NA
Butin,Organic compounds,Phenylpropanoids and polyketides,Flavonoids,Flavans,Flavanones,NA,NA,NA,NA,NA
Linoleoylcarnitine,Organic compounds,Lipids and lipid-like molecules,Fatty Acyls,Fatty acid esters,Acyl carnitines,NA,NA,NA,NA,NA
N-ACETYLMURAMIC ACID,Organic compounds,Organic oxygen compounds,Organooxygen compounds,Carbohydrates and carbohydrate conjugates,Aminosaccharides,Amino sugars,Acylaminosugars,NA,NA,NA
Laurylsulfuric acid,Organic compounds,Organic acids and derivatives,Organic sulfuric acids and derivatives,Sulfuric acid esters,Sulfuric acid monoesters,NA,NA,NA,NA,NA
L-Serine,Organic compounds,Organic acids and derivatives,Carboxylic acids and derivatives,"Amino acids, peptides, and analogues",Amino acids and derivatives,Alpha amino acids and derivatives,Serine and derivatives,NA,NA,NA
"Diethyl pyridine-2,4-dicarboxylate",Organic compounds,Organoheterocyclic compounds,Pyridines and derivatives,Pyridinecarboxylic acids and derivatives,Pyridinecarboxylic acids,NA,NA,NA,NA,NA
1-Methylxanthine,Organic compounds,Organoheterocyclic compounds,Imidazopyrimidines,Purines and purine derivatives,Xanthines,NA,NA,NA,NA,NA
Deoxyuridine,Organic compounds,"Nucleosides, nucleotides, and analogues",Pyrimidine nucleosides,Pyrimidine 2'-deoxyribonucleosides,Pyrimidine 2'-deoxyribonucleosides,NA,NA,NA,NA,NA
Piperine,Organic compounds,Alkaloids and derivatives,NA,NA,Alkaloids and derivatives,NA,NA,NA,NA,NA
Lys-Tyr,Organic compounds,Organic acids and derivatives,Carboxylic acids and derivatives,"Amino acids, peptides, and analogues",Peptides,Dipeptides,NA,NA,NA,NA
C10-LAS (TENTATIVE),Organic compounds,Benzenoids,Benzene and substituted derivatives,Benzenesulfonic acids and derivatives,Benzenesulfonic acids and derivatives,NA,NA,NA,NA,NA
N-Oleoyl-D-erythro-sphingosylphosphorylcholine,Organic compounds,Lipids and lipid-like molecules,Sphingolipids,Phosphosphingolipids,Phosphosphingolipids,NA,NA,NA,NA,NA
Ortophosphate,Inorganic compounds,Homogeneous non-metal compounds,Non-metal oxoanionic compounds,Non-metal phosphates,Non-metal phosphates,NA,NA,NA,NA,NA
N-Methyltryptamine,Organic compounds,Organoheterocyclic compounds,Indoles and derivatives,Tryptamines and derivatives,Tryptamines and derivatives,NA,NA,NA,NA,NA
1-(Piperidin-4-yl)ethan-1-ol,Organic compounds,Organoheterocyclic compounds,Piperidines,NA,Piperidines,NA,NA,NA,NA,NA
Ser-Leu,Organic compounds,Organic acids and derivatives,Carboxylic acids and derivatives,"Amino acids, peptides, and analogues",Peptides,Dipeptides,NA,NA,NA,NA
Leu-Glu,Organic compounds,Organic acids and derivatives,Carboxylic acids and derivatives,"Amino acids, peptides, and analogues",Peptides,Dipeptides,NA,NA,NA,NA
"2-Pentenedioic acid, 2-octyl-",Organic compounds,Lipids and lipid-like molecules,Fatty Acyls,Fatty acids and conjugates,Medium-chain fatty acids,NA,NA,NA,NA,NA
Gln-Pro,Organic compounds,Organic acids and derivatives,Carboxylic acids and derivatives,"Amino acids, peptides, and analogues",Peptides,Dipeptides,NA,NA,NA,NA
3-(4-Hydroxyphenyl)propionic acid,Organic compounds,Phenylpropanoids and polyketides,Phenylpropanoic acids,NA,Phenylpropanoic acids,NA,NA,NA,NA,NA
2-Keto-3-deoxyoctonic acid,Organic compounds,Organic oxygen compounds,Organooxygen compounds,Carbohydrates and carbohydrate conjugates,Sugar acids and derivatives,Glucuronic acid derivatives,Glucuronides,C-glucuronides,NA,NA
"1,7-Dimethyluric acid",Organic compounds,Organoheterocyclic compounds,Imidazopyrimidines,Purines and purine derivatives,Xanthines,NA,NA,NA,NA,NA
3-Hydroxy-3-methylglutaric acid,Organic compounds,Lipids and lipid-like molecules,Fatty Acyls,Fatty acids and conjugates,Hydroxy fatty acids,NA,NA,NA,NA,NA
Guanosine,Organic compounds,"Nucleosides, nucleotides, and analogues",Purine nucleosides,NA,Purine nucleosides,NA,NA,NA,NA,NA
4-Cholestenone,Organic compounds,Lipids and lipid-like molecules,Steroids and steroid derivatives,Cholestane steroids,Cholesterols and derivatives,NA,NA,NA,NA,NA
Methacholine cation,Organic compounds,Organic nitrogen compounds,Organonitrogen compounds,Quaternary ammonium salts,Tetraalkylammonium salts,NA,NA,NA,NA,NA
"1-(2-Hydroxyphenyl)-3-phenyl-1,3-propanedione",Organic compounds,Phenylpropanoids and polyketides,"Linear 1,3-diarylpropanoids",Chalcones and dihydrochalcones,Retro-dihydrochalcones,NA,NA,NA,NA,NA
Val-Asp,Organic compounds,Organic acids and derivatives,Carboxylic acids and derivatives,"Amino acids, peptides, and analogues",Peptides,Dipeptides,NA,NA,NA,NA
2-Amino-4-methylpentanoic acid ethylamide,Organic compounds,Organic acids and derivatives,Carboxylic acids and derivatives,"Amino acids, peptides, and analogues",Amino acids and derivatives,Alpha amino acids and derivatives,Leucine and derivatives,NA,NA,NA
D-Pyroglutamic acid,Organic compounds,Organic acids and derivatives,Carboxylic acids and derivatives,"Amino acids, peptides, and analogues",Amino acids and derivatives,Alpha amino acids and derivatives,Proline and derivatives,NA,NA,NA
L-Pyroglutamic acid,Organic compounds,Organic acids and derivatives,Carboxylic acids and derivatives,"Amino acids, peptides, and analogues",Amino acids and derivatives,Alpha amino acids and derivatives,Proline and derivatives,NA,NA,NA
PYROGLUTAMIC ACID,Organic compounds,Organic acids and derivatives,Carboxylic acids and derivatives,"Amino acids, peptides, and analogues",Amino acids and derivatives,Alpha amino acids and derivatives,NA,NA,NA,NA
L-Arginine,Organic compounds,Organic acids and derivatives,Carboxylic acids and derivatives,"Amino acids, peptides, and analogues",Amino acids and derivatives,Alpha amino acids and derivatives,Alpha amino acids,L-alpha-amino acids,NA,NA
6-Heptynoic acid,Organic compounds,Lipids and lipid-like molecules,Fatty Acyls,Fatty acids and conjugates,Medium-chain fatty acids,NA,NA,NA,NA,NA
Malonic acid,Organic compounds,Organic acids and derivatives,Carboxylic acids and derivatives,Dicarboxylic acids and derivatives,Dicarboxylic acids and derivatives,NA,NA,NA,NA,NA
Tschimganidin,Organic compounds,Lipids and lipid-like molecules,Prenol lipids,Sesquiterpenoids,Germacrane sesquiterpenoids,NA,NA,NA,NA,NA
INDOLE-3-CARBOXALDEHYDE,Organic compounds,Organoheterocyclic compounds,Indoles and derivatives,Indoles,Indoles,NA,NA,NA,NA,NA
N-Methyldodecylamine,Organic compounds,Organic nitrogen compounds,Organonitrogen compounds,Amines,Secondary amines,Dialkylamines,NA,NA,NA,NA
L-Proline,Organic compounds,Organic acids and derivatives,Carboxylic acids and derivatives,"Amino acids, peptides, and analogues",Amino acids and derivatives,Alpha amino acids and derivatives,Proline and derivatives,NA,NA,NA
o-Hydroxyhippuric acid,Organic compounds,Benzenoids,Benzene and substituted derivatives,Benzoic acids and derivatives,Benzamides,Hippuric acids and derivatives,Hippuric acids,NA,NA,NA
"1,2-Diamino-2-methylpropane",Organic compounds,Organic nitrogen compounds,Organonitrogen compounds,Amines,Primary amines,Monoalkylamines,NA,NA,NA,NA
CYTOSINE,Organic compounds,Organoheterocyclic compounds,Diazines,Pyrimidines and pyrimidine derivatives,Pyrimidones,NA,NA,NA,NA,NA
3'-Deoxyguanosine,Organic compounds,"Nucleosides, nucleotides, and analogues",Purine nucleosides,Purine 3'-deoxyribonucleosides,Purine 3'-deoxyribonucleosides,NA,NA,NA,NA,NA
Sebacic acid monomethyl ester,Organic compounds,Lipids and lipid-like molecules,Fatty Acyls,Fatty acids and conjugates,Medium-chain fatty acids,NA,NA,NA,NA,NA
997-55-7,Organic compounds,Organic acids and derivatives,Carboxylic acids and derivatives,"Amino acids, peptides, and analogues",Amino acids and derivatives,Alpha amino acids and derivatives,Aspartic acid and derivatives,NA,NA,NA
5-Aminopentanamide,Organic compounds,Organic acids and derivatives,Carboxylic acids and derivatives,"Amino acids, peptides, and analogues",Amino acids and derivatives,Delta amino acids and derivatives,NA,NA,NA,NA
"1,3-Dimethylurate",Organic compounds,Organoheterocyclic compounds,Imidazopyrimidines,Purines and purine derivatives,Xanthines,NA,NA,NA,NA,NA
3-Sulfopropanoic acid,Organic compounds,Organic acids and derivatives,Organic sulfonic acids and derivatives,Organosulfonic acids and derivatives,Organosulfonic acids,NA,NA,NA,NA,NA
L-Tyrosine,Organic compounds,Organic acids and derivatives,Carboxylic acids and derivatives,"Amino acids, peptides, and analogues",Amino acids and derivatives,Alpha amino acids and derivatives,Tyrosine and derivatives,NA,NA,NA
N-Acetyl-D-glucosamine,Organic compounds,Organic oxygen compounds,Organooxygen compounds,Carbohydrates and carbohydrate conjugates,Aminosaccharides,Amino sugars,Acylaminosugars,NA,NA,NA
Gln-Glu,Organic compounds,Organic acids and derivatives,Carboxylic acids and derivatives,"Amino acids, peptides, and analogues",Peptides,Dipeptides,NA,NA,NA,NA
5-VALEROLACTONE,Organic compounds,Organoheterocyclic compounds,Lactones,Delta valerolactones,Delta valerolactones,NA,NA,NA,NA,NA
2-(Hydroxymethyl)-6-methylpyridin-3-ol,Organic compounds,Organoheterocyclic compounds,Pyridines and derivatives,Methylpyridines,Methylpyridines,NA,NA,NA,NA,NA
Aniline,Organic compounds,Benzenoids,Benzene and substituted derivatives,Aniline and substituted anilines,Aniline and substituted anilines,NA,NA,NA,NA,NA
Chelidonic acid,Organic compounds,Organoheterocyclic compounds,Pyrans,Pyranones and derivatives,Pyranones and derivatives,NA,NA,NA,NA,NA
"3,5-Dimethoxy-4-hydroxycinnamic acid",Organic compounds,Phenylpropanoids and polyketides,Cinnamic acids and derivatives,Hydroxycinnamic acids and derivatives,Hydroxycinnamic acids,NA,NA,NA,NA,NA
Acetyl-L-threonine,Organic compounds,Organic acids and derivatives,Carboxylic acids and derivatives,"Amino acids, peptides, and analogues",Amino acids and derivatives,Alpha amino acids and derivatives,N-acyl-alpha amino acids and derivatives,N-acyl-alpha amino acids,N-acyl-L-alpha-amino acids,NA
L-CARNITINE,Organic compounds,Organic nitrogen compounds,Organonitrogen compounds,Quaternary ammonium salts,Carnitines,NA,NA,NA,NA,NA
Tetradecylamine,Organic compounds,Organic nitrogen compounds,Organonitrogen compounds,Amines,Primary amines,Monoalkylamines,NA,NA,NA,NA
4-Hydroxyquinoline,Organic compounds,Organoheterocyclic compounds,Quinolines and derivatives,Quinolones and derivatives,Hydroquinolones,NA,NA,NA,NA,NA
"(3-Oxo-2,3-dihydro-4H-1,4-benzoxazin-4-yl)acetic acid",Organic compounds,Organoheterocyclic compounds,Benzoxazines,Benzoxazinones,Benzoxazinones,NA,NA,NA,NA,NA
Ser-Phe,Organic compounds,Organic acids and derivatives,Carboxylic acids and derivatives,"Amino acids, peptides, and analogues",Peptides,Dipeptides,NA,NA,NA,NA
Nicotinic acid,Organic compounds,Organoheterocyclic compounds,Pyridines and derivatives,Pyridinecarboxylic acids and derivatives,Pyridinecarboxylic acids,NA,NA,NA,NA,NA
"1,4-Cyclohexanedicarboxylic acid",Organic compounds,Organic acids and derivatives,Carboxylic acids and derivatives,Dicarboxylic acids and derivatives,Dicarboxylic acids and derivatives,NA,NA,NA,NA,NA
Orotic acid,Organic compounds,Organoheterocyclic compounds,Diazines,Pyrimidines and pyrimidine derivatives,Pyrimidinecarboxylic acids and derivatives,Pyrimidinecarboxylic acids,NA,NA,NA,NA
Caffeic acid,Organic compounds,Phenylpropanoids and polyketides,Cinnamic acids and derivatives,Hydroxycinnamic acids and derivatives,Hydroxycinnamic acids,NA,NA,NA,NA,NA
Methioninesulfoxide,Organic compounds,Organic acids and derivatives,Carboxylic acids and derivatives,"Amino acids, peptides, and analogues",Amino acids and derivatives,Alpha amino acids and derivatives,Alpha amino acids,L-alpha-amino acids,NA,NA
DL-Octopamine,Organic compounds,Benzenoids,Phenols,1-hydroxy-2-unsubstituted benzenoids,1-hydroxy-2-unsubstituted benzenoids,NA,NA,NA,NA,NA
TRYPTOPHAN,Organic compounds,Organoheterocyclic compounds,Indoles and derivatives,Indolyl carboxylic acids and derivatives,Indolyl carboxylic acids and derivatives,NA,NA,NA,NA,NA
1-[4-Hydroxy-3-(3-methylbut-2-enyl)phenyl]ethanone,Organic compounds,Organic oxygen compounds,Organooxygen compounds,Carbonyl compounds,Ketones,Aryl ketones,Phenylketones,Alkyl-phenylketones,NA,NA
N-(4-Chlorobenzoyl)tryptophan,Organic compounds,Benzenoids,Benzene and substituted derivatives,Benzoic acids and derivatives,Benzamides,Hippuric acids and derivatives,Hippuric acids,NA,NA,NA
3-Acetamidophenol,Organic compounds,Benzenoids,Benzene and substituted derivatives,Anilides,Acetanilides,NA,NA,NA,NA,NA
3-(Dimethylamino)propiophenone,Organic compounds,Organic oxygen compounds,Organooxygen compounds,Carbonyl compounds,Ketones,Aryl ketones,Phenylketones,Alkyl-phenylketones,NA,NA
Thr-Pro,Organic compounds,Organic acids and derivatives,Carboxylic acids and derivatives,"Amino acids, peptides, and analogues",Peptides,Dipeptides,NA,NA,NA,NA
C12-AE1S (TENTATIVE),Organic compounds,Organic acids and derivatives,Organic sulfuric acids and derivatives,Sulfuric acid esters,Sulfuric acid monoesters,NA,NA,NA,NA,NA
3-(3-HYDROXYPHENYL)PROPIONIC ACID,Organic compounds,Phenylpropanoids and polyketides,Phenylpropanoic acids,NA,Phenylpropanoic acids,NA,NA,NA,NA,NA
"3,4-Dihydro-3-oxo-2H-(1,4)-benzoxazin-2-ylacetic acid",Organic compounds,Organoheterocyclic compounds,Benzothiazines,NA,Benzothiazines,NA,NA,NA,NA,NA
6-Oxooctadecanoic acid,Organic compounds,Lipids and lipid-like molecules,Fatty Acyls,Fatty acids and conjugates,Long-chain fatty acids,NA,NA,NA,NA,NA
GLYCERIC ACID,Organic compounds,Organic oxygen compounds,Organooxygen compounds,Carbohydrates and carbohydrate conjugates,Sugar acids and derivatives,NA,NA,NA,NA,NA
Ile-Ala,Organic compounds,Organic acids and derivatives,Carboxylic acids and derivatives,"Amino acids, peptides, and analogues",Peptides,Dipeptides,NA,NA,NA,NA
Acetyl-DL-carnitine,Organic compounds,Lipids and lipid-like molecules,Fatty Acyls,Fatty acid esters,Acyl carnitines,NA,NA,NA,NA,NA
n-Octadecylamine,Organic compounds,Organic nitrogen compounds,Organonitrogen compounds,Amines,Primary amines,Monoalkylamines,NA,NA,NA,NA
N-ACETYL-GLUTAMIC ACID,Organic compounds,Organic acids and derivatives,Carboxylic acids and derivatives,"Amino acids, peptides, and analogues",Amino acids and derivatives,Alpha amino acids and derivatives,Glutamic acid and derivatives,NA,NA,NA
4-HYDROXYBENZALDEHYDE,Organic compounds,Organic oxygen compounds,Organooxygen compounds,Carbonyl compounds,Aldehydes,Aryl-aldehydes,Benzaldehydes,Hydroxybenzaldehydes,NA,NA
GLUCONIC ACID,Organic compounds,Organic oxygen compounds,Organooxygen compounds,Carbohydrates and carbohydrate conjugates,Sugar acids and derivatives,NA,NA,NA,NA,NA
L-Citrulline,Organic compounds,Organic acids and derivatives,Carboxylic acids and derivatives,"Amino acids, peptides, and analogues",Amino acids and derivatives,Alpha amino acids and derivatives,Alpha amino acids,L-alpha-amino acids,NA,NA
Hexadecyltrimethylammonium cation,Organic compounds,Organic nitrogen compounds,Organonitrogen compounds,Quaternary ammonium salts,Tetraalkylammonium salts,NA,NA,NA,NA,NA
N-Formyltryptophan,Organic compounds,Organic acids and derivatives,Carboxylic acids and derivatives,"Amino acids, peptides, and analogues",Amino acids and derivatives,Alpha amino acids and derivatives,N-formyl-alpha amino acids and derivatives,N-formyl-alpha amino acids,NA,NA
3-Isopropylmalic acid,Organic compounds,Lipids and lipid-like molecules,Fatty Acyls,Fatty acids and conjugates,Hydroxy fatty acids,NA,NA,NA,NA,NA
Leucine,Organic compounds,Organic acids and derivatives,Carboxylic acids and derivatives,"Amino acids, peptides, and analogues",Amino acids and derivatives,Alpha amino acids and derivatives,Leucine and derivatives,NA,NA,NA
gamma-Glutamylmethionine,Organic compounds,Organic acids and derivatives,Carboxylic acids and derivatives,"Amino acids, peptides, and analogues",Peptides,Dipeptides,NA,NA,NA,NA
1-Oleoyl-2-palmitoyl-sn-glycero-3-phosphocholine,Organic compounds,Lipids and lipid-like molecules,Glycerophospholipids,Glycerophosphocholines,Phosphatidylcholines,NA,NA,NA,NA,NA
L-Alanyl-L-norleucine,Organic compounds,Organic acids and derivatives,Carboxylic acids and derivatives,"Amino acids, peptides, and analogues",Peptides,Dipeptides,NA,NA,NA,NA
"N-Decyl-N,N-dimethyl-1-decanaminium cation",Organic compounds,Organic nitrogen compounds,Organonitrogen compounds,Quaternary ammonium salts,Tetraalkylammonium salts,NA,NA,NA,NA,NA
Palmitoyl sphingomyelin,Organic compounds,Lipids and lipid-like molecules,Sphingolipids,Phosphosphingolipids,Phosphosphingolipids,NA,NA,NA,NA,NA
THYMINE,Organic compounds,Organoheterocyclic compounds,Diazines,Pyrimidines and pyrimidine derivatives,Hydroxypyrimidines,NA,NA,NA,NA,NA
N-Cyclohexyl-N'-(tetrahydro-2-furanylmethyl)urea,Organic compounds,Organoheterocyclic compounds,Tetrahydrofurans,NA,Tetrahydrofurans,NA,NA,NA,NA,NA
Caffeine,Organic compounds,Organoheterocyclic compounds,Imidazopyrimidines,Purines and purine derivatives,Xanthines,NA,NA,NA,NA,NA
Bis(2-ethylhexyl) adipate,Organic compounds,Lipids and lipid-like molecules,Fatty Acyls,Fatty acid esters,Fatty acid esters,NA,NA,NA,NA,NA
2-Methyl-N-(4-Methylphenyl)alanine,Organic compounds,Organic acids and derivatives,Carboxylic acids and derivatives,"Amino acids, peptides, and analogues",Amino acids and derivatives,Alpha amino acids and derivatives,Alpha amino acids,NA,NA,NA
Choline chloride,Organic compounds,Organic nitrogen compounds,Organonitrogen compounds,Quaternary ammonium salts,Cholines,NA,NA,NA,NA,NA
2-Hydroxybenzenemethanol,Organic compounds,Organic oxygen compounds,Organooxygen compounds,Carbonyl compounds,Aldehydes,Aryl-aldehydes,Benzaldehydes,Hydroxybenzaldehydes,NA,NA
N-(4-Methylpentanoyl)phenylalanine,Organic compounds,Organic acids and derivatives,Carboxylic acids and derivatives,"Amino acids, peptides, and analogues",Amino acids and derivatives,Alpha amino acids and derivatives,Phenylalanine and derivatives,NA,NA,NA
"2-Cyanoamino-4,6-dihydroxypyrimidine",Organic compounds,Organoheterocyclic compounds,Diazines,Pyrimidines and pyrimidine derivatives,Hydroxypyrimidines,NA,NA,NA,NA,NA
1-Linoleoyl-sn-glycero-3-phosphorylcholine,Organic compounds,Lipids and lipid-like molecules,Glycerophospholipids,Glycerophosphocholines,Lysophosphatidylcholines,1-acyl-sn-glycero-3-phosphocholines,NA,NA,NA,NA
N-Acetylneuraminic acid,Organic compounds,Organic oxygen compounds,Organooxygen compounds,Carbohydrates and carbohydrate conjugates,Sugar acids and derivatives,Sugar amino acids and derivatives,Pyranoid amino acids and derivatives,Neuraminic acids and derivatives,N-acylneuraminic acids and derivatives,N-acylneuraminic acids
.alpha.-D-Xylopyranose,Organic compounds,Organic oxygen compounds,Organooxygen compounds,Carbohydrates and carbohydrate conjugates,Monosaccharides,Pentoses,NA,NA,NA,NA
1-Heptadecanoyl-sn-glycero-3-phosphocholine,Organic compounds,Lipids and lipid-like molecules,Glycerophospholipids,Glycerophosphocholines,Lysophosphatidylcholines,1-acyl-sn-glycero-3-phosphocholines,NA,NA,NA,NA
SN-GLYCERO-3-PHOSPHOCHOLINE,Organic compounds,Lipids and lipid-like molecules,Glycerophospholipids,Glycerophosphocholines,Glycerophosphocholines,NA,NA,NA,NA,NA
4-Hydroxy-4-methyl-2-pentanone,Organic compounds,Organic oxygen compounds,Organooxygen compounds,Carbonyl compounds,Ketones,Beta-hydroxy ketones,NA,NA,NA,NA
Lauryldimethylamine Oxide,Organic compounds,Organic nitrogen compounds,Organonitrogen compounds,Aminoxides,Long-chain alkyl amine oxides,NA,NA,NA,NA,NA
3-METHYLADIPIC ACID,Organic compounds,Lipids and lipid-like molecules,Fatty Acyls,Fatty acids and conjugates,Medium-chain fatty acids,NA,NA,NA,NA,NA
Dodecanedioic acid,Organic compounds,Lipids and lipid-like molecules,Fatty Acyls,Fatty acids and conjugates,Medium-chain fatty acids,NA,NA,NA,NA,NA
Suberic acid,Organic compounds,Lipids and lipid-like molecules,Fatty Acyls,Fatty acids and conjugates,Medium-chain fatty acids,NA,NA,NA,NA,NA
Erucamide,Organic compounds,Lipids and lipid-like molecules,Fatty Acyls,Fatty amides,Fatty amides,NA,NA,NA,NA,NA
Xanthosine,Organic compounds,"Nucleosides, nucleotides, and analogues",Purine nucleosides,NA,Purine nucleosides,NA,NA,NA,NA,NA
BETA-ALANINE,Organic compounds,Organic acids and derivatives,Carboxylic acids and derivatives,"Amino acids, peptides, and analogues",Amino acids and derivatives,Beta amino acids and derivatives,NA,NA,NA,NA
L-Propionylcarnitine,Organic compounds,Lipids and lipid-like molecules,Fatty Acyls,Fatty acid esters,Acyl carnitines,NA,NA,NA,NA,NA
Inosine,Organic compounds,"Nucleosides, nucleotides, and analogues",Purine nucleosides,NA,Purine nucleosides,NA,NA,NA,NA,NA
Cotinine,Organic compounds,Organoheterocyclic compounds,Pyridines and derivatives,Pyrrolidinylpyridines,Pyrrolidinylpyridines,NA,NA,NA,NA,NA
2-Amino-1-phenylethanol,Organic compounds,Organic nitrogen compounds,Organonitrogen compounds,Amines,Aralkylamines,NA,NA,NA,NA,NA
Val-Glu,Organic compounds,Organic acids and derivatives,Carboxylic acids and derivatives,"Amino acids, peptides, and analogues",Peptides,Dipeptides,NA,NA,NA,NA
"5-Hydroxy-3,4-dihydro-2(1H)-quinolinone",Organic compounds,Organoheterocyclic compounds,Quinolines and derivatives,Quinolones and derivatives,Hydroxyquinolones,NA,NA,NA,NA,NA
Tetraethylene glycol,Organic compounds,Organic oxygen compounds,Organooxygen compounds,Ethers,Dialkyl ethers,Polyethylene glycols,NA,NA,NA,NA
Guanine,Organic compounds,Organoheterocyclic compounds,Imidazopyrimidines,Purines and purine derivatives,Purines and purine derivatives,NA,NA,NA,NA,NA
4-ACETAMIDOBUTANOIC ACID,Organic compounds,Organic acids and derivatives,Carboxylic acids and derivatives,"Amino acids, peptides, and analogues",Amino acids and derivatives,Gamma amino acids and derivatives,NA,NA,NA,NA
N-alpha-Acetyl-L-lysine,Organic compounds,Organic acids and derivatives,Carboxylic acids and derivatives,"Amino acids, peptides, and analogues",Amino acids and derivatives,Alpha amino acids and derivatives,N-acyl-alpha amino acids and derivatives,N-acyl-alpha amino acids,NA,NA
alpha-Naphthoflavone,Organic compounds,Phenylpropanoids and polyketides,Flavonoids,Flavones,Flavones,NA,NA,NA,NA,NA
Bestatin,Organic compounds,Organic acids and derivatives,Peptidomimetics,Hybrid peptides,Hybrid peptides,NA,NA,NA,NA,NA
CADAVERINE,Organic compounds,Organic nitrogen compounds,Organonitrogen compounds,Amines,Primary amines,Monoalkylamines,NA,NA,NA,NA
"1,5-Pentanediamine",Organic compounds,Organic nitrogen compounds,Organonitrogen compounds,Amines,Primary amines,Monoalkylamines,NA,NA,NA,NA
1-Hexadecyl-sn-glycero-3-phosphocholine,Organic compounds,Lipids and lipid-like molecules,Glycerophospholipids,Glycerophosphocholines,Monoalkylglycerophosphocholines,NA,NA,NA,NA,NA
Asperlactone,Organic compounds,Organoheterocyclic compounds,Dihydrofurans,Furanones,Butenolides,NA,NA,NA,NA,NA
Tyr-Pro,Organic compounds,Organic acids and derivatives,Carboxylic acids and derivatives,"Amino acids, peptides, and analogues",Peptides,Dipeptides,NA,NA,NA,NA
D-erythro-N-stearoylsphingosine,Organic compounds,Lipids and lipid-like molecules,Sphingolipids,Ceramides,Long-chain ceramides,NA,NA,NA,NA,NA
DL-3-Phenyllactic acid,Organic compounds,Phenylpropanoids and polyketides,Phenylpropanoic acids,NA,Phenylpropanoic acids,NA,NA,NA,NA,NA
Eglumegad,Organic compounds,Organic acids and derivatives,Carboxylic acids and derivatives,"Amino acids, peptides, and analogues",Amino acids and derivatives,Alpha amino acids and derivatives,Alpha amino acids,L-alpha-amino acids,NA,NA
1-Myristoyl-sn-glycero-3-phosphocholine,Organic compounds,Lipids and lipid-like molecules,Glycerophospholipids,Glycerophosphocholines,Lysophosphatidylcholines,1-acyl-sn-glycero-3-phosphocholines,NA,NA,NA,NA
"1-Hexadecyl-2-(8Z,11Z,14Z-eicosatrienoyl)-sn-glycero-3-phosphocholine",Organic compounds,Lipids and lipid-like molecules,Glycerophospholipids,Glycerophosphocholines,"1-alkyl,2-acylglycero-3-phosphocholines",NA,NA,NA,NA,NA
MALEATE,Organic compounds,Organic acids and derivatives,Carboxylic acids and derivatives,Dicarboxylic acids and derivatives,Dicarboxylic acids and derivatives,NA,NA,NA,NA,NA
1-Phenylethanol,Organic compounds,Benzenoids,Benzene and substituted derivatives,NA,Benzene and substituted derivatives,NA,NA,NA,NA,NA
Epitestosterone sulfate,Organic compounds,Lipids and lipid-like molecules,Steroids and steroid derivatives,Sulfated steroids,Sulfated steroids,NA,NA,NA,NA,NA
Phe-Pro,Organic compounds,Organic acids and derivatives,Carboxylic acids and derivatives,"Amino acids, peptides, and analogues",Peptides,Dipeptides,NA,NA,NA,NA
1-Acetyl-4-piperidinecarboxylic acid,Organic compounds,Organoheterocyclic compounds,Piperidines,Piperidinecarboxylic acids and derivatives,Piperidinecarboxylic acids,NA,NA,NA,NA,NA
(R)-(-)-beta-Hydroxybutyric acid,Organic compounds,Organic acids and derivatives,Hydroxy acids and derivatives,Beta hydroxy acids and derivatives,Beta hydroxy acids and derivatives,NA,NA,NA,NA,NA
L-Glutamic acid,Organic compounds,Organic acids and derivatives,Carboxylic acids and derivatives,"Amino acids, peptides, and analogues",Amino acids and derivatives,Alpha amino acids and derivatives,Glutamic acid and derivatives,NA,NA,NA
N-Nervonoyl-D-erythro-sphingosylphosphorylcholine,Organic compounds,Lipids and lipid-like molecules,Sphingolipids,Phosphosphingolipids,Phosphosphingolipids,NA,NA,NA,NA,NA
ADIPIC ACID,Organic compounds,Lipids and lipid-like molecules,Fatty Acyls,Fatty acids and conjugates,Medium-chain fatty acids,NA,NA,NA,NA,NA
"7-Geranyloxy-1,3-dihydroxyxanthone",Organic compounds,Organoheterocyclic compounds,Benzopyrans,1-benzopyrans,Dibenzopyrans,Xanthenes,Xanthones,NA,NA,NA
Ala-Pro,Organic compounds,Organic acids and derivatives,Carboxylic acids and derivatives,"Amino acids, peptides, and analogues",Peptides,Dipeptides,NA,NA,NA,NA
2-Oleoyl-1-palmitoyl-sn-glycero-3-phosphocholine,Organic compounds,Lipids and lipid-like molecules,Glycerophospholipids,Glycerophosphocholines,Phosphatidylcholines,NA,NA,NA,NA,NA
Benzyl alcohol,Organic compounds,Benzenoids,Benzene and substituted derivatives,Benzyl alcohols,Benzyl alcohols,NA,NA,NA,NA,NA
Trigonelline,Organic compounds,Alkaloids and derivatives,NA,NA,Alkaloids and derivatives,NA,NA,NA,NA,NA
N-Acetyl-L-leucine,Organic compounds,Organic acids and derivatives,Carboxylic acids and derivatives,"Amino acids, peptides, and analogues",Amino acids and derivatives,Alpha amino acids and derivatives,Leucine and derivatives,NA,NA,NA
Arg-Leu,Organic compounds,Organic acids and derivatives,Carboxylic acids and derivatives,"Amino acids, peptides, and analogues",Peptides,Dipeptides,NA,NA,NA,NA
Diisopropyl phosphate,Organic compounds,Organic acids and derivatives,Organic phosphoric acids and derivatives,Phosphate esters,Alkyl phosphates,Dialkyl phosphates,NA,NA,NA,NA
3-Aminoadipic acid,Organic compounds,Organic acids and derivatives,Carboxylic acids and derivatives,"Amino acids, peptides, and analogues",Amino acids and derivatives,Beta amino acids and derivatives,NA,NA,NA,NA
Leu-Ser,Organic compounds,Organic acids and derivatives,Carboxylic acids and derivatives,"Amino acids, peptides, and analogues",Peptides,Dipeptides,NA,NA,NA,NA
Indolelactic acid,Organic compounds,Organoheterocyclic compounds,Indoles and derivatives,Indolyl carboxylic acids and derivatives,Indolyl carboxylic acids and derivatives,NA,NA,NA,NA,NA
"(E)-3,4-(Methylenedioxy)cinnamaldehyde",Organic compounds,Phenylpropanoids and polyketides,Cinnamaldehydes,NA,Cinnamaldehydes,NA,NA,NA,NA,NA
gamma-Glutamylphenylalanine,Organic compounds,Organic acids and derivatives,Carboxylic acids and derivatives,"Amino acids, peptides, and analogues",Amino acids and derivatives,Alpha amino acids and derivatives,Phenylalanine and derivatives,NA,NA,NA
Gln-Ile,Organic compounds,Organic acids and derivatives,Carboxylic acids and derivatives,"Amino acids, peptides, and analogues",Peptides,Dipeptides,NA,NA,NA,NA
4-Chlorobenzoic acid,Organic compounds,Benzenoids,Benzene and substituted derivatives,Benzoic acids and derivatives,Halobenzoic acids and derivatives,Halobenzoic acids,NA,NA,NA,NA
Glu-Ile-Lys,Organic compounds,Organic acids and derivatives,Carboxylic acids and derivatives,"Amino acids, peptides, and analogues",Peptides,Oligopeptides,NA,NA,NA,NA
N-Acetyl-methionine,Organic compounds,Organic acids and derivatives,Carboxylic acids and derivatives,"Amino acids, peptides, and analogues",Amino acids and derivatives,Alpha amino acids and derivatives,Methionine and derivatives,NA,NA,NA
"1,2-Di-(9Z,12Z,15Z-octadecatrienoyl)-sn-glycero-3-phosphocholine",Organic compounds,Lipids and lipid-like molecules,Glycerophospholipids,Glycerophosphocholines,Phosphatidylcholines,NA,NA,NA,NA,NA
Tomatidine,Organic compounds,Lipids and lipid-like molecules,Steroids and steroid derivatives,Steroidal alkaloids,Spirosolanes and derivatives,NA,NA,NA,NA,NA
1-(9Z-Octadecenoyl)-sn-glycero-3-phosphocholine,Organic compounds,Lipids and lipid-like molecules,Glycerophospholipids,Glycerophosphocholines,Lysophosphatidylcholines,1-acyl-sn-glycero-3-phosphocholines,NA,NA,NA,NA
Glu-Pro,Organic compounds,Organic acids and derivatives,Carboxylic acids and derivatives,"Amino acids, peptides, and analogues",Peptides,Dipeptides,NA,NA,NA,NA
"2,6-Dihydroxy-4-methylbenzoic acid",Organic compounds,Benzenoids,Benzene and substituted derivatives,Benzoic acids and derivatives,Hydroxybenzoic acid derivatives,Salicylic acid and derivatives,Salicylic acids,NA,NA,NA
4-Hydroxyphenethyl alcohol,Organic compounds,Benzenoids,Phenols,Tyrosols and derivatives,Tyrosols,NA,NA,NA,NA,NA
Catechol,Organic compounds,Benzenoids,Phenols,Benzenediols,Catechols,NA,NA,NA,NA,NA
Hydroxysydonic acid,Organic compounds,Lipids and lipid-like molecules,Prenol lipids,Sesquiterpenoids,Sesquiterpenoids,NA,NA,NA,NA,NA
2-Amino-3-hydroxy-3-(4-methoxyphenyl)propanoic acid,Organic compounds,Organic acids and derivatives,Carboxylic acids and derivatives,"Amino acids, peptides, and analogues",Amino acids and derivatives,Alpha amino acids and derivatives,Phenylalanine and derivatives,NA,NA,NA
"(1S,3R)-1-Aminocyclopentane-1,3-dicarboxylic acid",Organic compounds,Organic acids and derivatives,Carboxylic acids and derivatives,"Amino acids, peptides, and analogues",Amino acids and derivatives,Alpha amino acids and derivatives,Alpha amino acids,L-alpha-amino acids,NA,NA
L-Kynurenine,Organic compounds,Organic oxygen compounds,Organooxygen compounds,Carbonyl compounds,Ketones,Aryl ketones,Phenylketones,Alkyl-phenylketones,NA,NA
"3,4-Dihydroxybenzoic acid",Organic compounds,Benzenoids,Benzene and substituted derivatives,Benzoic acids and derivatives,Hydroxybenzoic acid derivatives,NA,NA,NA,NA,NA
"1-(3,5-Dihydroxyphenyl)-2-[(1,1-dimethylethyl)amino]ethanone",Organic compounds,Organic oxygen compounds,Organooxygen compounds,Carbonyl compounds,Ketones,Aryl ketones,Phenylketones,Alkyl-phenylketones,NA,NA
1-Palmitoyl-2-hydroxy-sn-glycero-3-phosphoethanolamine,Organic compounds,Lipids and lipid-like molecules,Glycerophospholipids,Glycerophosphoethanolamines,Lysophosphatidylethanolamines,1-acyl-sn-glycero-3-phosphoethanolamines,NA,NA,NA,NA
2-Mercaptobenzothiazole,Organic compounds,Organoheterocyclic compounds,Benzothiazoles,NA,Benzothiazoles,NA,NA,NA,NA,NA
2-[4-(Acetylamino)phenyl]-4-quinolinecarboxylic acid,Organic compounds,Organoheterocyclic compounds,Quinolines and derivatives,Phenylquinolines,Phenylquinolines,NA,NA,NA,NA,NA
S-Allyl-L-Cysteine,Organic compounds,Organic acids and derivatives,Carboxylic acids and derivatives,"Amino acids, peptides, and analogues",Amino acids and derivatives,Alpha amino acids and derivatives,Cysteine and derivatives,L-cysteine-S-conjugates,NA,NA
theophylline,Organic compounds,Organoheterocyclic compounds,Imidazopyrimidines,Purines and purine derivatives,Xanthines,NA,NA,NA,NA,NA
Pro-Leu,Organic compounds,Organic acids and derivatives,Carboxylic acids and derivatives,"Amino acids, peptides, and analogues",Peptides,Dipeptides,NA,NA,NA,NA
2-Despiperidyl-2-(5-carboxypentylamine)repaglinide,Organic compounds,Organic acids and derivatives,Carboxylic acids and derivatives,"Amino acids, peptides, and analogues",Amino acids and derivatives,Delta amino acids and derivatives,NA,NA,NA,NA
4-Ethylbenzoic acid,Organic compounds,Benzenoids,Benzene and substituted derivatives,Benzoic acids and derivatives,Benzoic acids,NA,NA,NA,NA,NA
Guanidine,Organic compounds,Organic nitrogen compounds,Organonitrogen compounds,Guanidines,Guanidines,NA,NA,NA,NA,NA
N-(4-Bromophenyl)acrylamide,Organic compounds,Benzenoids,Benzene and substituted derivatives,Anilides,Anilides,NA,NA,NA,NA,NA
"Quinoline-2,8-diol",Organic compounds,Organoheterocyclic compounds,Quinolines and derivatives,Quinolones and derivatives,Quinolones and derivatives,NA,NA,NA,NA,NA
5-Phenylisoxazol-3-ol,NA,NA,NA,NA,NA,NA,NA,NA,NA,NA
3-(1-Isobutyl-1H-tetraazol-5-yl)aniline,NA,NA,NA,NA,NA,NA,NA,NA,NA,NA
2-Phenylbutyramide,NA,NA,NA,NA,NA,NA,NA,NA,NA,NA
L-.beta.-Homomethionine,NA,NA,NA,NA,NA,NA,NA,NA,NA,NA
2-Hydroxy-3-(1H-indol-3-yl)butanoic acid,NA,NA,NA,NA,NA,NA,NA,NA,NA,NA
"5-(2-Chlorobenzyl)-1,3-thiazol-2-amine",NA,NA,NA,NA,NA,NA,NA,NA,NA,NA
6-O-((2Z)-3-(4-Hydroxy-3-methoxyphenyl)prop-2-enoyl)-.beta.-D-fructofuranosyl 6-O-acetyl-.alpha.-D-glucopyranoside,NA,NA,NA,NA,NA,NA,NA,NA,NA,NA
Dihexadecyldimethylammonium cation,NA,NA,NA,NA,NA,NA,NA,NA,NA,NA
d-Pro,NA,NA,NA,NA,NA,NA,NA,NA,NA,NA
"N,N,N-Trimethyl-5-[(tricyclo[3.3.1.1(3,7)]dec-1-ylmethyl)amino]-1-pentanaminium cation",NA,NA,NA,NA,NA,NA,NA,NA,NA,NA
N.alpha.-Acetyl-L-lysine,NA,NA,NA,NA,NA,NA,NA,NA,NA,NA
Propamocarb,NA,NA,NA,NA,NA,NA,NA,NA,NA,NA
1-Stearoyl-2-arachidonoyl-sn-glycero-3-phospho-(1'-myo-inositol),NA,NA,NA,NA,NA,NA,NA,NA,NA,NA
8-Hydroxyquinoline-5-carboxylic acid,NA,NA,NA,NA,NA,NA,NA,NA,NA,NA
Deoxykhivorin,NA,NA,NA,NA,NA,NA,NA,NA,NA,NA
15-Ketoprostaglandin F2.alpha.,NA,NA,NA,NA,NA,NA,NA,NA,NA,NA
Quercetagetinidin cation,NA,NA,NA,NA,NA,NA,NA,NA,NA,NA
(E)-Ferulic acid,NA,NA,NA,NA,NA,NA,NA,NA,NA,NA
.beta.-Gentiobiose,NA,NA,NA,NA,NA,NA,NA,NA,NA,NA
(4-Bromo-1H-pyrazol-1-yl)(3-methylphenyl)methanone,NA,NA,NA,NA,NA,NA,NA,NA,NA,NA
DL-.beta.-Hydroxypalmitic acid,NA,NA,NA,NA,NA,NA,NA,NA,NA,NA
1-Tetrahydro-3-furanyl-4-piperidinamine,NA,NA,NA,NA,NA,NA,NA,NA,NA,NA
"1,4-Cyclohexanedione",NA,NA,NA,NA,NA,NA,NA,NA,NA,NA
4-Hydroxybutanoic acid lactone,NA,NA,NA,NA,NA,NA,NA,NA,NA,NA
CocamidopropylBetaine,NA,NA,NA,NA,NA,NA,NA,NA,NA,NA
"9,11-Methane-epoxyprostaglandin F1.alpha.",NA,NA,NA,NA,NA,NA,NA,NA,NA,NA
Glutamylleucine,NA,NA,NA,NA,NA,NA,NA,NA,NA,NA
"1-(2,8-Dihydroxyquinolin-5-yl)ethan-1-one",NA,NA,NA,NA,NA,NA,NA,NA,NA,NA
Silodosin,NA,NA,NA,NA,NA,NA,NA,NA,NA,NA
Methyl 5-phenyl-1H-pyrazole-3-carboxylate,NA,NA,NA,NA,NA,NA,NA,NA,NA,NA
DL-.beta.-Homophenylalanine,NA,NA,NA,NA,NA,NA,NA,NA,NA,NA
"15-Deoxy-.DELTA.12,14-prostaglandin D2",NA,NA,NA,NA,NA,NA,NA,NA,NA,NA
.alpha.-Hyodeoxycholic acid methyl ester,NA,NA,NA,NA,NA,NA,NA,NA,NA,NA
Isoprocarb,NA,NA,NA,NA,NA,NA,NA,NA,NA,NA
2-(4-Bromobenzoyl)benzoic acid,NA,NA,NA,NA,NA,NA,NA,NA,NA,NA
4.alpha.-Mannobiose,NA,NA,NA,NA,NA,NA,NA,NA,NA,NA
1-(3-Bromopropyl)pyrrolidine,NA,NA,NA,NA,NA,NA,NA,NA,NA,NA
Octyl .alpha.-ketoglutarate,NA,NA,NA,NA,NA,NA,NA,NA,NA,NA
"7-[3,5-Dihydroxy-4-(4-hydroxyphenyl)-2-methoxyphenyl]-3-methoxy-3,4-dihydrooxepine-2,5-dione",NA,NA,NA,NA,NA,NA,NA,NA,NA,NA
9-[2-(4-Morpholinyl)ethyl]-9H-purin-6-ylamine,NA,NA,NA,NA,NA,NA,NA,NA,NA,NA
2-HYDROXY-4-(METHYLTHIO)BUTYRIC ACID,NA,NA,NA,NA,NA,NA,NA,NA,NA,NA
Atropic acid,NA,NA,NA,NA,NA,NA,NA,NA,NA,NA
"1-Amino-3,3-dimethyl-2-butanone",NA,NA,NA,NA,NA,NA,NA,NA,NA,NA
"3,3',7,8-Tetramethoxyflavone",NA,NA,NA,NA,NA,NA,NA,NA,NA,NA
(2Z)-2-(.beta.-D-Glucopyranosyloxy)-3-phenyl-2-propenoic acid,NA,NA,NA,NA,NA,NA,NA,NA,NA,NA
"(2E,4E)-5-(3,8-Dihydroxy-1,5-dimethyl-7-oxo-6-oxabicyclo[3.2.1]octan-8-yl)-3-methylpenta-2,4-dienoic acid",NA,NA,NA,NA,NA,NA,NA,NA,NA,NA
1-pentadecanoyl-2-hydroxy-sn-glycero-3-phosphocholine,NA,NA,NA,NA,NA,NA,NA,NA,NA,NA
N-(2-Chlorophenyl)-3-phenyl-2-propenamide,NA,NA,NA,NA,NA,NA,NA,NA,NA,NA
N-(3-Acetylphenyl)-N'-(1-methyl-1H-pyrazol-3-yl)thiourea,NA,NA,NA,NA,NA,NA,NA,NA,NA,NA
3-(Carboxymethyl)-1-.beta.-D-glucopyranosyl-1H-indole,NA,NA,NA,NA,NA,NA,NA,NA,NA,NA
17.beta.-Methyl-epi-testosterone,NA,NA,NA,NA,NA,NA,NA,NA,NA,NA
5-Fluoroindole-2-carboxylic acid,NA,NA,NA,NA,NA,NA,NA,NA,NA,NA
Indole-3-aldehyde,NA,NA,NA,NA,NA,NA,NA,NA,NA,NA
N-Acetyl-.beta.-D-mannosamine,NA,NA,NA,NA,NA,NA,NA,NA,NA,NA
Ganoderic acid H,NA,NA,NA,NA,NA,NA,NA,NA,NA,NA
4-Methylpiperidine-1-carboximidamide,NA,NA,NA,NA,NA,NA,NA,NA,NA,NA
Bicine,NA,NA,NA,NA,NA,NA,NA,NA,NA,NA
1-Pentanol,NA,NA,NA,NA,NA,NA,NA,NA,NA,NA
11-(3-Methoxybenzyl)-4-piperidinylamine,NA,NA,NA,NA,NA,NA,NA,NA,NA,NA
2-(4-Morpholinyl)benzaldehyde,NA,NA,NA,NA,NA,NA,NA,NA,NA,NA
4-Penten-1-ol,NA,NA,NA,NA,NA,NA,NA,NA,NA,NA
2-Hydroxyimino-4-methylnitrosamino-1-(3-pyridyl)-1-butanone,NA,NA,NA,NA,NA,NA,NA,NA,NA,NA
Glu-Glu-Lys,NA,NA,NA,NA,NA,NA,NA,NA,NA,NA
.beta.-Alanylleucine,NA,NA,NA,NA,NA,NA,NA,NA,NA,NA
1-Butyl-2-methylindole,NA,NA,NA,NA,NA,NA,NA,NA,NA,NA
2'-Deoxyinosine,NA,NA,NA,NA,NA,NA,NA,NA,NA,NA
"6-Methoxy-2,2-dimethyl-4-chromanol",NA,NA,NA,NA,NA,NA,NA,NA,NA,NA
