"source","target","correlation","direct","cor"
"Succinic.acid","seq98",0.605006105006105,"undirected","+"
"Urocanic.acid","seq98",-0.613553113553113,"undirected","-"
"X4.Pyridoxic.acid","seq98",-0.611721611721612,"undirected","-"
"X2.HYDROXY.4..METHYLTHIO.BUTYRIC.ACID","seq98",0.618437118437118,"undirected","+"
"X3.4.Dihydroxyphenylacetic.acid","seq98",-0.622710622710623,"undirected","-"
"X3.METHYLADIPIC.ACID","seq98",-0.6001221001221,"undirected","-"
"Suberic.acid","seq98",-0.615384615384615,"undirected","-"
"X1..4.Bromophenyl..2..9H.purin.6.ylsulfanyl.ethanol","seq98",-0.755189255189255,"undirected","-"
"Octyl..alpha..ketoglutarate","seq98",0.63003663003663,"undirected","+"
"Succinic.acid","seq113",0.656288156288156,"undirected","+"
"Urocanic.acid","seq113",-0.617216117216117,"undirected","-"
"UROCANATE","seq113",-0.600732600732601,"undirected","-"
"X4.Pyridoxic.acid","seq113",-0.61050061050061,"undirected","-"
"GLYCERIC.ACID","seq113",-0.61050061050061,"undirected","-"
"X2.HYDROXY.4..METHYLTHIO.BUTYRIC.ACID","seq113",0.601343101343101,"undirected","+"
"Leu.Glu","seq113",-0.633089133089133,"undirected","-"
"X1..4.Bromophenyl..2..9H.purin.6.ylsulfanyl.ethanol","seq113",-0.691086691086691,"undirected","-"
"Octyl..alpha..ketoglutarate","seq113",0.679487179487179,"undirected","+"
"L.Kynurenine","seq108",-0.622791620450652,"undirected","-"
"X5.Hydroxyindole.3.acetic.acid","seq108",-0.634063866974646,"undirected","-"
"N..4.Bromophenyl.acrylamide","seq108",-0.641813536459891,"undirected","-"
"X3.METHYL.2.OXINDOLE","seq108",-0.610110343111159,"undirected","-"
"Quinoline.2.carboxylic.acid","seq108",-0.627018712897149,"undirected","-"
"X5.Hydroxyindole.3.acetic.acid","seq95",-0.652933135606285,"undirected","-"
"N..4.Bromophenyl.acrylamide","seq95",-0.62274179841669,"undirected","-"
"X3.METHYL.2.OXINDOLE","seq95",-0.621286794214782,"undirected","-"
"Pro.Asp","seq95",0.603826743791884,"undirected","+"
"Quinoline.2.carboxylic.acid","seq95",-0.604554245892838,"undirected","-"
"GLYCERIC.ACID","seq122",-0.61050061050061,"undirected","-"
"N.Acetyl.D.tryptophan","seq122",-0.626373626373626,"undirected","-"
"X2.Hydroxybenzenemethanol","seq122",-0.601343101343101,"undirected","-"
"GLYCERIC.ACID","seq64",-0.676434676434676,"undirected","-"
"N.Acetyl.D.tryptophan","seq64",-0.654456654456654,"undirected","-"
"X2.Hydroxybenzenemethanol","seq64",-0.603785103785104,"undirected","-"
"X5.Hydroxyindole.3.acetic.acid","seq127",-0.615174249504087,"undirected","-"
"Pro.Asp","seq127",0.618946220933599,"undirected","+"
"GLYCERIC.ACID","seq110",-0.682539682539682,"undirected","-"
"N.Acetyl.D.tryptophan","seq110",-0.654456654456654,"undirected","-"
"GLYCERIC.ACID","seq65",-0.656898656898657,"undirected","-"
"N.Acetyl.D.tryptophan","seq65",-0.636752136752137,"undirected","-"
"GLYCERIC.ACID","seq90",-0.64041514041514,"undirected","-"
"N.Acetyl.D.tryptophan","seq90",-0.626373626373626,"undirected","-"
"GLYCERIC.ACID","seq85",-0.651404151404151,"undirected","-"
"N.Acetyl.D.tryptophan","seq85",-0.614774114774115,"undirected","-"
"GLYCERIC.ACID","seq59",-0.653846153846154,"undirected","-"
"N.Acetyl.D.tryptophan","seq59",-0.613553113553113,"undirected","-"
"GLYCERIC.ACID","seq33",-0.661172161172161,"undirected","-"
"N.Acetyl.D.tryptophan","seq33",-0.628205128205128,"undirected","-"
"GLYCERIC.ACID","seq82",-0.63980463980464,"undirected","-"
"N.Acetyl.D.tryptophan","seq82",-0.633699633699634,"undirected","-"
"GLYCERIC.ACID","seq38",-0.649572649572649,"undirected","-"
"N.Acetyl.D.tryptophan","seq38",-0.64041514041514,"undirected","-"
"GLYCERIC.ACID","seq103",-0.672161172161172,"undirected","-"
"N.Acetyl.D.tryptophan","seq103",-0.655677655677656,"undirected","-"
"GLYCERIC.ACID","seq83",-0.647741147741148,"undirected","-"
"N.Acetyl.D.tryptophan","seq83",-0.671550671550671,"undirected","-"
"GLYCERIC.ACID","seq78",-0.661782661782662,"undirected","-"
"N.Acetyl.D.tryptophan","seq78",-0.652625152625153,"undirected","-"
"GLYCERIC.ACID","seq87",-0.661172161172161,"undirected","-"
"N.Acetyl.D.tryptophan","seq87",-0.635531135531135,"undirected","-"
"Tomatidine","seq75",0.612296535870797,"undirected","+"
"X11..3.Methoxybenzyl..4.piperidinylamine","seq75",0.624356922183404,"undirected","+"
"X5.Hydroxyindole.3.acetic.acid","seq100",-0.604554245892838,"undirected","-"
"Pro.Asp","seq100",0.645294363546267,"undirected","+"
"X5.Hydroxyindole.3.acetic.acid","seq49",-0.605883250664661,"undirected","-"
"N.Acetyl.D.tryptophan","seq94",-0.619047619047619,"undirected","-"
"X11..3.Methoxybenzyl..4.piperidinylamine","seq55",0.605808951563925,"undirected","+"
"X11..3.Methoxybenzyl..4.piperidinylamine","seq102",0.637954740137975,"undirected","+"
"X11..3.Methoxybenzyl..4.piperidinylamine","seq106",0.62256007942036,"undirected","+"
"X11..3.Methoxybenzyl..4.piperidinylamine","seq132",0.602400834280966,"undirected","+"
"X11..3.Methoxybenzyl..4.piperidinylamine","seq105",0.602239127273108,"undirected","+"
"X11..3.Methoxybenzyl..4.piperidinylamine","seq128",0.607650316158345,"undirected","+"
"X11..3.Methoxybenzyl..4.piperidinylamine","seq139",0.618266814358286,"undirected","+"
"X11..3.Methoxybenzyl..4.piperidinylamine","seq63",0.636107380851861,"undirected","+"
"X11..3.Methoxybenzyl..4.piperidinylamine","seq53",0.606422739762065,"undirected","+"
"X11..3.Methoxybenzyl..4.piperidinylamine","seq136",0.610244350846268,"undirected","+"
"X11..3.Methoxybenzyl..4.piperidinylamine","seq20",0.605808951563925,"undirected","+"
"X11..3.Methoxybenzyl..4.piperidinylamine","seq26",0.602126222375087,"undirected","+"
"X11..3.Methoxybenzyl..4.piperidinylamine","seq58",0.602740010573227,"undirected","+"
"X11..3.Methoxybenzyl..4.piperidinylamine","seq51",0.624356922183404,"undirected","+"
"N.Acetyl.methionine","seq44",0.653401715588352,"undirected","+"
"N.Acetyl.methionine","seq129",0.635642906073767,"undirected","+"
"N.Acetyl.methionine","seq145",0.628906805913062,"undirected","+"
"N.Acetyl.methionine","seq117",0.633193415106238,"undirected","+"
"N.Acetyl.methionine","seq54",0.624007823978005,"undirected","+"
"N.Acetyl.methionine","seq19",0.639317142525061,"undirected","+"
"N.Acetyl.methionine","seq80",0.666261543167879,"undirected","+"
"N.Acetyl.methionine","seq121",0.650952224620823,"undirected","+"
"N.Acetyl.methionine","seq111",0.63380578784812,"undirected","+"
"N.Acetyl.methionine","seq130",0.646053242685765,"undirected","+"
"N.Acetyl.methionine","seq52",0.609310878172831,"undirected","+"
"N.Acetyl.methionine","seq50",0.644828497202001,"undirected","+"
"N.Acetyl.methionine","seq67",0.651564597362705,"undirected","+"
"N.Acetyl.methionine","seq56",0.687082216391875,"undirected","+"
"N.Acetyl.methionine","seq25",0.638704769783178,"undirected","+"
"N.Acetyl.methionine","seq68",0.660137815749057,"undirected","+"
"N.Acetyl.methionine","seq42",0.644828497202001,"undirected","+"
"N.Acetyl.methionine","seq60",0.65278934284647,"undirected","+"
"N.Acetyl.methionine","seq131",0.626457314945534,"undirected","+"
"N.Acetyl.methionine","seq69",0.636867651557532,"undirected","+"
"N.Acetyl.methionine","seq62",0.668098661393526,"undirected","+"
"N.Acetyl.methionine","seq123",0.645440869943883,"undirected","+"
"N.Acetyl.methionine","seq79",0.661356783495572,"undirected","+"
"N.Acetyl.methionine","seq93",0.650339851878941,"undirected","+"
"N.Acetyl.methionine","seq81",0.633193415106238,"undirected","+"
"N.Acetyl.methionine","seq43",0.649727479137059,"undirected","+"
"N.Acetyl.methionine","seq101",0.616046978333535,"undirected","+"
"N.Acetyl.methionine","seq97",0.657674054306734,"undirected","+"
"N.Acetyl.methionine","seq124",0.625844942203651,"undirected","+"
"N.Acetyl.methionine","seq76",0.60624901446342,"undirected","+"
